cookie_id,score
ck_315fb710a0e371e7,0.0006244621633575033
ck_a76ee3b3e3e522fd,0.04577177721096949
ck_94c9a4d382689e82,0.018827201135403353
ck_8eaf9509ad9462a0,0.0006543787095388187
ck_9a88a5a989cb5bc6,0.0018161911810632267
ck_15239ef0689c1a35,0.0056437776059674516
ck_8de69cd219d3b87f,0.0999665254024307
ck_f92cd37022b0ce21,0.003161871781917284
ck_1a3ff7620580a514,0.0010130056935738724
ck_397c03aa33a57310,0.05828156417889876
ck_a7cf6c3b322f6b7a,0.003947159627615417
ck_c39a9e75760e3201,0.0018309989396327767
ck_88ab6d245228c38e,0.000321439495981256
ck_17733f75ebdea93e,0.0019542962285222904
ck_58eb871e8d7bed52,0.0037225442911875558
ck_e55b7fa67db1ec27,0.0007313743179497184
ck_62f5cfe22c952694,0.0012696022407469104
ck_7fbb709a0fe95759,0.00033052771587062266
ck_87abe9cd066a20fb,0.00858706673985488
ck_d58e058b5c553dd5,0.0027042664762577068
ck_d27b872648b71202,0.0020004901979058377
ck_4b4a3c5b95c55b43,0.00045912921481323655
ck_66dd4f4b4127256d,0.0010757038102235466
ck_93cc12703b500613,0.1321111559420038
ck_d28806a2179092eb,0.9945820367050734
ck_0595c2a0c7881e05,0.008741198798119337
ck_50087d8666191144,0.2518701977122679
ck_b08b3f089138c901,0.003726028325143788
ck_fe3b67041dad2dd1,0.0005929288757333585
ck_8449a28f7d475d93,0.004175035909855469
ck_8642e3b6d84f49d3,0.006356695239830893
ck_e49b5e4f2f2e79db,0.40180127093175405
ck_437afe412ea4259c,0.049889709058576114
ck_569b83668d74042d,0.5439370254233309
ck_233a487d31c3e631,0.9981041468748122
ck_1fca72e03143a645,0.9726711385098563
ck_79205e31223df2ad,0.015051243193901567
ck_9625a64406ea16e3,0.0009518319789500462
ck_079bd18dacb704a8,0.05167643675510989
ck_4db6d4fd2b49aa81,0.006455187918903379
ck_0dbefdac0a1868fb,0.0004054822181592485
ck_24ff97ad90bdd69a,0.049596441746174
ck_77f8c5042065d506,0.0003537983021745745
ck_f11be8ce05382cec,0.001709318216625944
ck_c9d72140b0389216,0.015452591837492324
ck_69eda24e931fb36a,0.0009485323392695097
ck_ed471e496916ee15,0.00035803905732779864
ck_ff090498c4b17ac3,0.0023612182729199974
ck_c3c19d6a0720915c,0.0006109551821065692
ck_af02e1817cfa40b5,0.007682737881392684
ck_2df5a9fc87553eb1,0.0006236139492384674
ck_4ac918e884cff336,0.00438137791244942
ck_ca149244b54ef3ad,0.00028894481111585554
ck_6babe5b8674ff51f,0.0009512271569426005
ck_1573878386886290,0.0004059816246975699
ck_3925f8565abb7fe4,0.001010184426522898
ck_c4de808ae69c771f,0.00023722991731751718
ck_a777c813551281fe,0.0006490245190770941
ck_df4424f6dd85080d,0.006704979585130596
ck_85e5494ec20383ae,0.002947933281154864
ck_f71a4094e889c3af,0.002542959184687173
ck_f2f3cf9cd23b2809,0.0020716468885402925
ck_18e2076397bcc211,0.0036474067382337603
ck_c9f9fddef39bc664,0.01643682333730428
ck_7e826e233d6ea028,0.0011927747229774379
ck_62fd7eb46bee9210,0.0026958978778177864
ck_206f8e3cd72768f3,0.029766524220230243
ck_aa295a11b0a6ab36,0.002260459648922699
ck_9a56739d81f84a53,0.0006602393497046712
ck_aa075c418ed9fe5a,0.0018310927493227832
ck_62b9fb3db284941b,0.0023815714533680582
ck_f4f83b1403ebea46,0.004283483203426729
ck_16b66bd803288bc3,0.44859176584947075
ck_c4ca1434f3778f1d,0.9946737586944282
ck_1b823610371a29c0,0.0018683677194330443
ck_c2bd5a722aa637d9,0.0032689960550722525
ck_7890208951df34f0,0.0008871848394787228
ck_020eb0e454524ecd,0.00038444752065339323
ck_3b66196ccf436c35,0.0016784099099504371
ck_109fc467ec0a4af5,0.035434510970742746
ck_f3dcd818db92de7b,0.00427735480782291
ck_31e7742f160980ef,0.003487824116172137
ck_77fce5f86f00b8f4,0.33842976765248567
ck_46bc797b4d07d607,0.0006187224976093661
ck_37899b1b571b1c6b,0.004777209291685565
ck_ef8a6af43fedd464,0.0005800532971914719
ck_bcc8519fe8521038,0.009160181368673468
ck_90696b7182dd9129,0.0020902518505845394
ck_4a24ad61d017e1ba,0.03425411949593536
ck_0acc3d8c67218b9d,0.00262661827842631
ck_05c97fc9de11aba6,0.14155990079688588
ck_f8ac3a0500c0ec62,0.0013065422308222029
ck_617b65141f546a1c,0.0019018461929395253
ck_9d00823bf60388d7,0.00670823583888618
ck_123c15d93f1840f2,0.09448714136772858
ck_573feefba6bf78bb,0.02070477494368748
ck_b25657bd16739036,0.0006179067076258164
ck_bd26d2bef14a8597,0.0027218432733165034
ck_a553418f2fba1440,0.004172144199978545
ck_89f3e380b0686963,0.0016346198007768796
ck_b359192aa659bdce,0.019654021879573838
ck_02241f3dc301bebf,0.002832627681083506
ck_5ccc1a1c78cb33ee,0.006657249343604543
ck_349cc5edda1b8853,0.13109057767266266
ck_e9f228845bf6e28b,0.09584068940045458
ck_0a45d033d4e280ea,0.008151612656017474
ck_7e63168dda612235,0.00045462675755048563
ck_676fa5f6aae5475b,0.0017307321511143066
ck_74b502b20690ccfe,0.0023713019339543884
ck_073509af21dd7f5f,0.41154551330758576
ck_498a0acd450944d8,0.0004578506508178283
ck_7f15b50b29dead01,0.0011115289104589032
ck_8089fe7403c5f537,0.007015046422432427
ck_05b2b04e11d9ae9c,0.0053456434403439355
ck_31e70f2f04b48b88,0.0004660086950561515
ck_994316fa5a02b319,0.00022919055429661546
ck_b76510998b9a2260,0.007328588136480492
ck_4db95c310e105d30,0.0005804629521727145
ck_6f730b77dc6cdb84,0.0012818874128782858
ck_2493ee8e7b91d304,0.021292590840713013
ck_92d679d6ac7dcdcb,0.10385089251099669
ck_3a0e0200cbb185cb,0.004354040947232436
ck_0b2eeb4e00ff7955,0.01699305173543182
ck_9843d0e61c37ebe8,0.9988065636636472
ck_e61c8721e3ef1921,0.0028885980173685133
ck_2e0eedaaf2980c2c,0.003753174521731266
ck_9036b2e5e9298a34,0.0016885319794132192
ck_3265442528d51728,0.0020151676032378906
ck_f2ddae2eb1cb29b4,0.0012973068707720214
ck_6cfa71d27fc27f92,0.0008711216733328825
ck_f3199fbe84a28b9a,0.029108154587145257
ck_b78d785ca3ef773a,0.0015288196101806146
ck_374865697f1480eb,0.02387022687354711
ck_06d0e4a9189302a9,0.007909015413286827
ck_9c9884b9bcaa552e,0.05344891901472061
ck_fd4cf578e87703ff,0.001661315749858666
ck_1917ef3e6e345549,0.03719987596134673
ck_e70418b00cbbbac9,0.05403018805014533
ck_a60388296a47062c,0.003771499201496133
ck_d598fe8d2c779ab9,0.00164527844281017
ck_646dc03de4c31803,0.8799202373934735
ck_e4fd8cbd842b6993,0.00026841817288010767
ck_2225b555aa2a42ed,0.005402187132486245
ck_6be8ae9d78148882,0.0015554254113844628
ck_4199342d3aca74e8,0.04961400525240849
ck_779581adb573261f,0.0011126949145964676
ck_bb303568b6915205,0.07195832321280163
ck_17c4296276448afe,0.0015647965768799974
ck_a60a61ac829252a0,0.0021699358302354017
ck_6ea70950c1cae00b,0.9270735059737335
ck_1abb93f6924645e1,0.008588355904543174
ck_faab769cce19879a,0.039977657468855746
ck_d5b8e74e7ca6355a,0.002558543070343124
ck_f11f7691af16ad07,0.002212814055594471
ck_188fdf2be7c92e9d,0.9978823696849307
ck_4a103f8254b366f7,0.0025119909120680855
ck_bfa17a0b1760e616,0.0006632029479177857
ck_a4d7f6a5869d440a,0.9772485037702064
ck_58e20f5a3e7f11b8,0.8631088093189325
ck_4becdd3d2696c7ba,0.0012256127484342454
ck_dad5cf32ab9f243f,0.003657625942185267
ck_7d9f73dc7c4f90c3,0.05457077166313045
ck_c19371047a2d011d,0.0013701237210277956
ck_247589ff532f7aa8,0.0032834761026924015
ck_7a9f241d5f082567,0.001639773829540945
ck_0a2b7078736b4dda,0.003429261190905388
ck_687b412e2aac7eb6,0.013474162379493757
ck_fce0b6855886a0b8,0.0013025940062582298
ck_e291cc60920456d0,0.136935598607251
ck_04219a7ea798db51,0.00987146093740963
ck_286bfd719836e9f3,0.10573900969116004
ck_55efc92394fee232,0.0021583523760411102
ck_e36c8da1bd359960,0.06462358543588259
ck_34b0988a97d96902,0.006368565797346936
ck_e0fb11fc9dcb34e6,0.004739888131954984
ck_bcc9cbc9ed8b7c31,0.0012508562308364592
ck_3df8da6f60a89a5b,0.003605645914133917
ck_b1495ee5c59a6b28,0.0026718392296368127
ck_58f4c3ac61fda129,0.018915238954086127
ck_735f244b99e3aa8d,0.0010547998870136172
ck_6b93bd8abf87b1d6,0.7723149577527001
ck_12107dacc6d05bd1,0.0004241421530054618
ck_f96db2a1f3448d1f,0.003443258099222979
ck_8fd91a3c99e19097,0.0032604889515416694
ck_910205d25388a0ae,0.0003002280227773491
ck_d229dfa0e4442628,0.0004910421835358373
ck_7cdec61e1c488798,0.017008870399370216
ck_f66f06e24ff32671,0.003045309064561202
ck_350bf14e90b503f5,0.0011206046313939405
ck_61fff5fdaadd394b,0.0008749289587077643
ck_e934f984bad2ff91,0.3318146803991379
ck_ff6a6d3547dd2d37,0.0038726518696642195
ck_65ad9b15979e3247,0.0012200936705682613
ck_bbe1a2ea5a403ad8,0.7866370089340587
ck_6f3a28eecd2c4031,0.0009555809398941098
ck_a89b66665714058f,0.0012722739976790552
ck_918c92182b6817cd,0.00983981207540176
ck_64f5eb4be9e7b8fa,0.10511083824510753
ck_d021fd497ea35fb2,0.013632751289364354
ck_004de16f7d8a42ae,0.0022392466767459226
ck_a33d2325f86ab12d,0.0006855084510398025
ck_89790ff26c844bc6,0.0015205841404102864
ck_e6e7257377c37b28,0.18026133576406422
ck_a2cc3910a641a808,0.5093864125914023
ck_646e270e0195bf05,0.0023781866544484243
ck_baba5d66def0d770,0.04106832758691953
ck_67cdcdda3033842d,0.1346869390220216
ck_b5c3075c811a2216,0.020172049558271073
ck_515379973a8044b8,0.0034138104239244075
ck_c0ce85fb4109567d,0.0015866416874152588
ck_fef850553862aaca,0.0005553931747408145
ck_55d7217b0aff9fa2,0.002168683129622612
ck_8e139f8925ef7968,0.0011063995881458305
ck_9e35b908fca1e4d7,0.00065708057234007
ck_59735f4ab2ad3da5,0.011656356694151547
ck_dc569c1167ccec0d,0.6623421303767538
ck_1dade5592f90a15c,0.01858066014623524
ck_793048d11fb8b328,0.31701113040368
ck_545b71eb4fa594b5,0.0014759418493412487
ck_bd30853e9a57b544,0.0031223466628782274
ck_59f46321ecf6d306,0.0009261900778457636
ck_260cfe9141d249f1,0.3474123442076732
ck_3365a0ad1a8aa83c,0.0009086088671562671
ck_b0ef193195a2138b,0.001462800753222742
ck_0f909705e2e60f2f,0.0006745025770401514
ck_5a540b75c866166a,0.0058603938903973255
ck_87c26b2f41025109,0.9784955644463749
ck_27acc9f320cda104,0.07646142534124183
ck_a27bc31eecd9cb9a,0.002354738154009014
ck_115d86fabde77b65,0.0014833895065534109
ck_eeca179341d56f8a,0.41061719573203925
ck_8e5999c436cf037e,0.00039672252071764675
ck_510e7c5df1f95d90,0.9942087881163437
ck_f1acf73363925958,0.0021642126702949294
ck_3c177f5970b68bd3,0.0031162546506201113
ck_9cdfaa1c30cc9d32,0.0005964609476594143
ck_c8efa1538b37c359,0.0029288060668647233
ck_a8a2e296f9804bd7,0.017973263654701716
ck_91a0ca45f429568d,0.0025679866890214735
ck_5fdf8a0bdbd3ed62,0.0025828836384985477
ck_0f4e2ec66d50da5f,0.0014063838397281108
ck_28c53b214b2ee882,0.0701151462529619
ck_003148504557f720,0.12020117309002198
ck_01d840cffb870615,0.21764961735407068
ck_555848d51f4b5f35,0.0014030950476916788
ck_df20cc23b8fb8e22,0.00223280131016509
ck_f9604adde929beff,0.0018723236079800794
ck_d66952b03591bdec,0.0020202202461748935
ck_ddcac1ab765ff61a,0.0048891246185986
ck_347386629d96c664,0.0022365023876076157
ck_ab01db9117acfe3d,0.0007441382884943644
ck_58e5359efc52e0ad,0.003689313452447429
ck_1a524b5cc8da71b3,0.018926249602875145
ck_e9287b6d909d731f,0.0006932338174387917
ck_bb41a66e3d90263b,0.24842068913167195
ck_e95c8cc1864bd584,0.0017924392434260682
ck_7a3f2961e9a8b6dc,0.002138745755962438
ck_378a9df82b1e0bee,0.1361038768729459
ck_42633573639a3f02,0.9773553178965119
ck_2a5a4c18c2c7274b,0.0014741095526179004
ck_77549c1a41f837c3,0.001775489457084884
ck_a26704b5b26258b7,0.003525127568873793
ck_9874ad160efddf50,0.000360188679438912
ck_9111e3a04b14dfba,0.012537810184930007
ck_651e076ee43aea85,0.004618449812223223
ck_391639c0f13932f3,0.0005847529867549399
ck_02dbabda93c8c13d,0.010856497324264622
ck_0adcb1fffcb0a34b,0.0034935330829038666
ck_7a43ef9c7b1c67b5,0.0005932405454832534
ck_4b9dd69946438d0b,0.002598068577393818
ck_90bf017cdd37b66e,0.055161263267885126
ck_61c74163eb36556e,0.002940619108616042
ck_13376c59b5bd6943,0.0006990193962752144
ck_62337eccb1672737,0.001977228667559393
ck_16077934338472bf,0.0007424526440392174
ck_0d4dfd93086e7330,0.006764356243239814
ck_3865b7525b910893,0.004386572360227938
ck_7e2ae8b69ebd5675,0.005227313976313622
ck_b4384b6c11766ce7,0.0009995597850876975
ck_3d7fa32dfb9fc692,0.014994844301739354
ck_f4a6a7cadd6e0603,0.048880780886690435
ck_212525e2828a6c45,0.0014305224318455058
ck_33ad8d53394ba77a,0.7267722229077754
ck_a5051eafe8b51224,0.0010988103997502715
ck_f65e5ff7da565f91,0.0011638132237065245
ck_5c37f7563fa7591d,0.003323674361070869
ck_f1e0a006068aff29,0.0012691210803090836
ck_c646cdead6fb79d0,0.0003489413880208801
ck_f8b3cdffef535330,0.03482625415789378
ck_e5cdbe3aa12c97f6,0.00045253899005921435
ck_986e4e61440506d0,0.08060122445983889
ck_6da9c5912e15d9a8,0.0013222452825645704
ck_51d842e6dae74c71,0.005058070896040775
ck_5fc65c24e0736d5d,0.8764607637094441
ck_babb95a76c69509d,0.012824889851537255
ck_86a2d852a9715432,0.003180724050162524
ck_db4083a0d043def8,0.26370141262818664
ck_96953b8945b7d403,0.001295996412422553
ck_7831ca5c31fb3859,0.04089234659747668
ck_60ac5e5f375daa38,0.0016275730769749368
ck_05d44eb1f5f085ce,0.009604792255621736
ck_432cc19c7eeaa46e,0.010015214211879795
ck_7fc513033af061af,0.05960181017903416
ck_ada6ede84c111719,0.0018513181816239641
ck_6343e0d3b1c2962b,0.008810569155368967
ck_010264ae04f2e902,0.015158319976073531
ck_e9dcf535f8c289eb,0.00741638307957179
ck_37143d9cc296e6fa,0.003762119061718742
ck_61fa051192f3e810,0.01305992807238097
ck_f9f93d1d41be1468,0.8304235899871119
ck_c4f4f28457be8a74,0.0009273695936428822
ck_323a71f9452d21cb,0.662455050557366
ck_170f4688e0acd875,0.01061329541252162
ck_869b1878d09d230d,0.057585623278158214
ck_2f6b33bf46976229,0.001891958089253947
ck_b11e22e75d9b99de,0.0005594370144089744
ck_123d75ffb75b606d,0.0036236354903350313
ck_94295287a04c85d2,0.03421352951435002
ck_1b0434f096795328,0.0008481770163411515
ck_0a4e191cd0a57ce1,0.001811167104535699
ck_d2fbd0df99634676,0.004760848814265782
ck_d51df5e9fbbbcc94,0.008612513328452517
ck_2d3d7d64a6f443f8,0.003093436089541985
ck_731943c682c9394e,0.002474876727540297
ck_5ccc0c94e5e1f849,0.011943056270880957
ck_c3476080516db25d,0.0032215859796395603
ck_5010ffb1c94187b5,0.0012165081695760022
ck_7ef666d67bc70223,0.011636099682008984
ck_c1b493527224a27a,0.0015121069733895708
ck_5d1e25d7acc5af9a,0.002538848646161821
ck_ec30b61cbf517db8,0.0004606833718783436
ck_79323eb5d2e5efae,0.0012912052041331693
ck_4085cd3bf2661518,0.0014099463724363956
ck_2ca91214c357c072,0.3444052121447499
ck_7f3132d6be389657,0.025759714793004387
ck_e7a6b925c8f39a85,0.018004353517791165
ck_c886adec7bac250a,0.002037554284584764
ck_c3f360c2d0ea0a37,0.002088999127539209
ck_a7acd5b015823793,0.003316589338718673
ck_9d64187c0800f84e,0.0023172736945214225
ck_5d4ed73b9efd7d11,0.0008797199002689362
ck_874eca6776b34dec,0.0011114295717219555
ck_96a9221a87be93c3,0.02054410340948131
ck_68dd79a51eabf5e6,0.032175425676071276
ck_8311cb6755b2016c,0.0009484422865454654
ck_16fc77b2bcf5ec03,0.953837079406892
ck_ad9e2088a33c8c72,0.0003711591559480279
ck_7176bbc97b1e42a1,0.00046936419053219533
ck_80dfa54b30f65fff,0.7809716104704854
ck_31c54d540b128843,0.0010236702415375863
ck_43ea894480567274,0.029446521903383482
ck_9c9e8a38bd5a6c88,0.004687480157730443
ck_1c2dcae19539e148,0.05136340927793816
ck_b0fa8b84e94d8ae0,0.009772830664304951
ck_4ceb43ccd0a81c2f,0.001969115259916121
ck_ba845332b730b596,0.001425482338360864
ck_73d3e8c6077f61e6,0.017856820275317736
ck_b5d0d223ef56473f,0.003460698917561959
ck_949f08f8e80e93ea,0.002344594025283995
ck_73de0b49709e5f8c,0.0011534470570643128
ck_b5935e9722a39819,0.0062399366456324865
ck_96247fee0eb44420,0.0008194248044954304
ck_a6def1e4b2d57e0d,0.02021518915216965
ck_aecdc5a96321a2d8,0.0012061699289928572
ck_bc61c59970f8de49,0.01203736563844546
ck_c43b4175fc9ac5bd,0.8579583315726177
ck_8ff7a9b23a55fd62,0.0025748250084759623
ck_20c99b645f462449,0.0018386183098833193
ck_a5ce2ae36fb410d9,0.000667930852550373
ck_96fb9bf556842bbc,0.00494423770934311
ck_b5e4c6dbbed1b773,0.0198995872648706
ck_2085433978e72ea9,0.030124212561869167
ck_2c6b174b063ec637,0.011679284121066658
ck_b20b81b88dabe28d,0.0006032352962777459
ck_243c18dbf150831c,0.000845020790563949
ck_2bb6a17e8eee35cc,0.010366743521619797
ck_66147fb994495396,0.03130810930856226
ck_73f124f075ede0fc,0.002915222473310231
ck_2e315f1b1e533dab,0.0008640176636009003
ck_16c7bf94ed3e7a6f,0.0007257395230202661
ck_4a0eae220a762ac5,0.0034664989848565845
ck_dc16f939c2f44ad8,0.018415088373798752
ck_817926b449754917,0.0007821415789190369
ck_0c0dde42ab64ef87,0.0017752758404190226
ck_cb3a40594da6a2ee,0.00943558978403207
ck_d0dc156441fcfdcb,0.005524947240896266
ck_66f0945add423e9e,0.0015118820457458797
ck_a74f6a3030f5d495,0.01595555573836583
ck_1ae460f331e49ae2,0.0034333017133527386
ck_2d177b2f4f0b40c9,0.12006823234750229
ck_92e474e4368c4791,0.002869671974623204
ck_3dee83fa2d109484,0.0012106835311277294
ck_80e5ea27848069fe,0.0008216844549790017
ck_ed0c4a83701ca230,0.0017084161068928435
ck_0b8b7c5c581fd161,0.0007963417826194338
ck_60bf8a2870956fb1,0.0021910840382257635
ck_73a54b56a2bf35fe,0.8745690392938856
ck_2296d7a563424883,0.0008638935777770689
ck_bc19c383560c7477,0.0032432125144709763
ck_861d8e3d88f1079e,0.014531835528490139
ck_3f090fc96c24eb28,0.0030358134419711702
ck_9a6a1f8102febfca,0.016313703480593144
ck_541b6ad5d2fa5a39,0.013014576249814034
ck_a760d38d1bc4de97,0.0014146679276232797
ck_7dca4d7ee10b4eeb,0.00046833669206262777
ck_15220e78d1545e40,0.002855629194670685
ck_ca24bb0de508efb0,0.0006870925329177041
ck_56b389627d8f02c5,0.9872878014091265
ck_48a6754977a44db0,0.0025192389926031785
ck_333a43ec339a04cb,0.005373810114263393
ck_f22aacaf86a65d7e,0.01624100837907212
ck_04bd8a1ffaf3ffd8,0.0007575934937624238
ck_2737a72de6b700f3,0.0049346093241060575
ck_c35e03b0dd0c3454,0.002979018658828918
ck_e0571312f395cd94,0.0017489730430848358
ck_09fab6b9825001b2,0.0005916964965348783
ck_18c3a095606209e8,0.0024237095188152286
ck_2a97db9377d01e36,0.0008396376933541331
ck_f29dbbfdd2786bd1,0.005920720830705011
ck_35d6c510ad29362e,0.2986480315666666
ck_5468fa99c945d785,0.0024260913052842462
ck_6f8102f62c876cc9,0.0074121890170981185
ck_91955aab3424ad16,0.0007253675174162265
ck_9a43c0c73a39d759,0.009070078148858988
ck_60b023af6d1e30bf,0.82942527708282
ck_9704c5cf8659cedc,0.008860091658562498
ck_7e5f02b51b9f78bf,0.032929567684069294
ck_7d3a88d1aa649708,0.7283303007065585
ck_8250eddc1ecb07a0,0.01152315616951599
ck_d979ef95ee44023d,0.004693497156922523
ck_5e5461dac83531ac,0.0060430642074336145
ck_d1bb8890081e0a31,0.008555936560045321
ck_32246c62640648d9,0.0011165928008934488
ck_77a40c7d2f862a32,0.02331572539612205
ck_1c8b94efe9238f5b,0.0029979977232626707
ck_eaf3b6d11bc3cb11,0.0017863091239419303
ck_a4a7ef3ad799c380,0.004397104048118357
ck_d5bd8f68da073cd8,0.0007273786150789572
ck_6e6258227fc8db7f,0.00034194385852871436
ck_c35d444e05799db6,0.004336391760843723
ck_74665e1209140ae8,0.006292323201698842
ck_353a272478f7e903,0.0018852041202227202
ck_a2c9796ea229a4e2,0.001092869680620336
ck_e0171f91cb3411fe,0.007635347782321909
ck_703499f5410280f7,0.0012971352167726084
ck_ae3a763997f8f385,0.012627367043432572
ck_f7ff94c3df5ac874,0.004481437223039795
ck_f3c16d8f747db046,0.003576652771207756
ck_7ef019ed77276496,0.0009798163241338759
ck_d6a4faadab58a3de,0.002056133927104949
ck_ba7b78d31d74c794,0.001246592546855588
ck_36287d063350ce9d,0.0034901603356112584
ck_5177fc7137ff26ce,0.0022603854301441024
ck_dfd4e79aaa967b63,0.003937480461723166
ck_fb44d15fb93a7157,0.0072529191077549725
ck_fca478361870a4ca,0.0018316491811430598
ck_e57b94fe57341058,0.00488146111602601
ck_5448c946cc4758fe,0.0013874614940758308
ck_c5ece5ffb8800ad4,0.005503053943064083
ck_11cb98211b2ed134,0.8359916579514252
ck_f655399ac75c4450,0.00358592633037505
ck_c817259019588d30,0.005675050866447392
ck_8740a14d8096c6e1,0.006854084250669127
ck_0c5ba86f4e05b38d,0.0019321368524949877
ck_ccc917533d4b73d4,0.0009618563752949993
ck_9eb80edfa43203de,0.0017115228332138233
ck_d1a1cf4cf61d6801,0.01134078516395858
ck_b17c239f160e6017,0.0031182492718192082
ck_410c3e13b48e0415,0.0015884167929035033
ck_ab553954435e8854,0.9229445091536658
ck_bdbb4230c91e1604,0.0018182292798107885
ck_8fd4937eadd64fb6,0.0018329874553390014
ck_e0e90b196bef3c11,0.00022503196830665358
ck_3dc4d464386f0eb2,0.06370017933911296
ck_51bbbf8f8e8ad005,0.9987255135862806
ck_c05737ab74cf03c6,0.014069314646494076
ck_dceabbe04d99afc2,0.0010672192796855637
ck_5b86fd14e85bc9c7,0.5070116529155851
ck_d4febf0083800424,0.003831804580209883
ck_77d9f86dcf251739,0.004336775726216803
ck_b4dcebc543deaafb,0.004057189314042353
ck_cb856e75c949b0cc,0.00023838991889946415
ck_61b067de8ffc1ca1,0.008045988661199306
ck_c0e8560ccfd9dd9d,0.0045008273398219785
ck_173e1198c341087b,0.00035524706819402963
ck_b4d55bc809000276,0.006242027516174991
ck_839bf139296b5cea,0.003487206898235635
ck_78cd402a2a4f2e35,0.0007832662412598305
ck_c2925c50ebacbdba,0.0009683767674874423
ck_5e3bc76eddbdb0a6,0.0005532222645500196
ck_b7793edca26fc512,0.0011865733379274694
ck_d79bdf04d6f31cd5,0.003772832879649915
ck_4b97d19ed946f503,0.002775890805364758
ck_37139b41c5370523,0.2226948622409045
ck_8c346eeefa9ce692,0.00263365590838024
ck_2ab7eddee2d8c49e,0.0009337637169186395
ck_29da59ea3bffb9d8,0.10403873871728997
ck_c1d05ef0ec6e4be7,0.0018789627474776504
ck_3882423b449f6291,0.970835180468863
ck_5647030283171ed5,0.7768113355345436
ck_efbdcd9c181e72ca,0.0015229265837667504
ck_192fdad892782daf,0.01629818169638158
ck_0bf2e13b9f2601ac,0.012358224633998747
ck_3d6046a533057795,0.003421517063518972
ck_279a1d3a3836e5cc,0.009236474778511191
ck_c375e929becde422,0.0019796721080262572
ck_a59e90219939a1f0,0.0008070691185791895
ck_4e9fba1ec54c3ff8,0.0029165432076475187
ck_bcbd8588a13f5eef,0.0003444313778115897
ck_5f9a7ff990341bdd,0.0014961933731512786
ck_e0403d507519b7d2,0.0018834827167042583
ck_c9490cb61aff5112,0.004093310642728747
ck_41dd44308e6a665a,0.029806560261365994
ck_76c23726cd7ca947,0.0024705686539713617
ck_9be551300209fa83,0.0033979877935406953
ck_a98848eec6c9581e,0.005168269907188554
ck_61176dafb33b2d8a,0.9767226284671072
ck_92de019e05971ce3,0.00870117787020852
ck_5d644224135d7c65,0.003356522853214326
ck_c767fc454fa215d0,0.0015798355865743678
ck_5df85a8924e11f27,0.026040343695678134
ck_da2729307af06ed5,0.03921298502564611
ck_7c6b577174af7a78,0.0011169661548026187
ck_893b8afbe11301e1,0.0019538187678918785
ck_e06f6fed020ae014,0.0028114242223566616
ck_386680372fb54857,0.0007945839253742204
ck_7a7f3c4fe0c9d2ca,0.0007956730017737001
ck_f908b527c4db422d,0.005257057864625151
ck_ec2eee6a133e9a6f,0.00908089090622883
ck_d98934f9fe0b02b3,0.0006484264650950839
ck_398a1ed77b0130e5,0.002143148513756992
ck_d960af7a55b892b1,0.002507635505184157
ck_4637e54a9f79e2e7,0.0009165064186614023
ck_02b9f418524f6650,0.0013022220628494468
ck_d4b23804cebb045d,0.003980709415300048
ck_35b1939c48182a9a,0.004109143958957418
ck_2dcbb71e39d64305,0.004030858759650304
ck_47a884dec960ff2d,0.0019097935973963072
ck_71fd8c346fde5cca,0.05646434456342839
ck_98e1992ac8e7d2de,0.010544982016880885
ck_ae7780327e210522,0.005178251999831591
ck_e6c584b4b1ad6d9d,0.003239004075716332
ck_344b2e326a6c3dcc,0.0008312178339763226
ck_9aa899a5230b0963,0.020588972363447436
ck_e48d14d5b70ef5aa,0.0027910997210715736
ck_59d380a0973b3951,0.0048494481284235115
ck_11318f7c041a5ba9,0.0013313889234575322
ck_7061786fe2f22f5a,0.004181224476348623
ck_e77529651c416cf7,0.005789992394188642
ck_7f79878197340435,0.00041282286839789534
ck_b0a0fb0ee9ebf106,0.008173581080734257
ck_70c7679199776a90,0.003013228554639052
ck_b9facd2210daca5c,0.012345096102105097
ck_9949f53c155b8dde,0.004013564369692059
ck_1c607e24f2c4397a,0.00952543959971379
ck_aefd1ce3ce093cbd,0.0008576872437039867
ck_5a29b7018e43280c,0.00023936359010853238
ck_69eb0b2ccfbe5f95,0.007401593998542157
ck_fe037765aa465c58,0.0025042453369685416
ck_5e512ef5362a3dd6,0.0011332717398302762
ck_544a9e80b7fdc279,0.0016540778326364868
ck_7825494e654d5695,0.005013270660358646
ck_f1f2c3c623553f0d,0.0007054634076125285
ck_52730906e5b461eb,0.918910370404041
ck_01e0689157fe9617,0.4449513151857006
ck_9da82e567074da9d,0.0053961161330863296
ck_6a17384072f904c0,0.0007434397334026754
ck_8d84d771a21942a7,0.0005727672406568759
ck_39638880292782a7,0.0016969526642472098
ck_7d51c86e0eec72ac,0.0009218503318406272
ck_45f4c821c70d134f,0.3937149428518878
ck_0af3c13ba56ce57c,0.0009239677249940758
ck_0789a05e061b2784,0.2879517334950431
ck_6ba091eb42ffa9fb,0.18385677985691232
ck_265accb3c5c32620,0.1237727856273769
ck_179039559ff7566c,0.0131673355005405
ck_17c0a6a92b5765cf,0.0013435267277041557
ck_59371c9140239fd7,0.0026455474178528455
ck_f9c4f8b4ce2691f0,0.005139972028504648
ck_a2637e4872cf4811,0.05766893485955403
ck_1de43fd6c6c22a5f,0.05391339391718861
ck_6e4f31bd108571f0,0.0006031556015554879
ck_da06d97db0b18851,0.0005318779422490807
ck_e0346d5081e640e8,0.012806633300511436
ck_c1c7d4e62c9fcded,0.12951230057925386
ck_2595669e421299f6,0.0038233339569735533
ck_3b6057d51fd4c7d6,0.0012512046252330512
ck_c5f8ab515840a0fe,0.001481383734582031
ck_435cb24538c6f77c,0.028497795603897737
ck_d84b5403da4cea7b,0.002494118711428573
ck_c2b61a98d1c8f6dd,0.6021412503815929
ck_c9dcd92b2f836b61,0.037634336781846175
ck_9eb5b3f5f672c2b1,0.0051557993470819335
ck_e4cf189a8d31649a,0.0006705120896289246
ck_6b114f2a48152b96,0.0007123861193141843
ck_3fb95862b70f505c,0.008293253014191591
ck_7f780f465c29398e,0.002522632418027782
ck_ee387f9da79e67ea,0.011560760677682816
ck_fa3b1e85d27af2ee,0.011763421564511817
ck_e739eaaa7a1822f2,0.005162471373652823
ck_dfa0ac11fcb1dabd,0.0007243034319659008
ck_6e8751b571ea54d1,0.003993361664829562
ck_2d695f8358383092,0.008188259100807307
ck_e7dce27edb700f27,0.0030577466536134803
ck_e322da8b213eab52,0.00082921718632771
ck_d0b32e039abb8200,0.002951497433112719
ck_b354003302b272ca,0.0016057875166190683
ck_f7485cba392bc294,0.3035866055833234
ck_d6a290ff8362c7b9,0.07893214629597035
ck_c56a44fe315c0389,0.0018314622299478388
ck_f77dfe6512eae322,0.0023729345153693194
ck_35fe969c58b9e70b,0.05827505992367796
ck_4c518637db2322d5,0.04074426696351373
ck_cb61902798ecc4fd,0.010189082939647355
ck_56e6cfa32156a916,0.0016750543223151484
ck_343e6ed2b9d35c01,0.0013911346075147827
ck_51440f64f7250ad7,0.005128975449696921
ck_295bca29c34cfe2e,0.060084223127280956
ck_dd30558576b45e7b,0.002642010448684336
ck_3a30132a57181fe3,0.00861217289804723
ck_4a733aeb833406f4,0.0017955117690649724
ck_1b0b7c3d35ab1259,0.021453879378436052
ck_962c3bbf27cd4b80,0.02553307378933601
ck_9528e1d6b1707870,0.004790859022224916
ck_b3263e7f31aab45f,0.007584275504135984
ck_e69195a3c885053d,0.0010480176050951752
ck_a907fa8795cd4baf,0.0005078766673844566
ck_205c3405045bd835,0.0017583503397570967
ck_e81fc223bed3c46a,0.05211220909197216
ck_363751deae40edfb,0.07415809586263158
ck_6176baea8cbebbb6,0.0014277028198869056
ck_633e6579f5c74a5c,0.3940632659059561
ck_ddc11fc481eef58d,0.003357947610717605
ck_e975002c979e12c7,0.025476874295797845
ck_8e039b23acaaac00,0.015586116235219636
ck_1d6990d94a4d2ad6,0.006012117509378493
ck_e7b583acaa3171a2,0.06514784596273647
ck_c0133f60d39b2fb5,0.004643571912055272
ck_7d6bff85e7a694bc,0.000713413167848153
ck_d305b4d82f63f647,0.0016837412822699007
ck_22bd0fc71f95e048,0.004029067527596054
ck_9a65fcfc7916f93f,0.001628591132104267
ck_d61c837b0106085a,0.007426155060423257
ck_be86a1db08dea456,0.0027171832949742366
ck_90489c405e6886d8,0.0008126526053783946
ck_0add2c321d579d75,0.01666537660867531
ck_482dea6eed92cbbc,0.002868307361899458
ck_c24b47184534cc2c,0.9889734217987631
ck_fa04ac31e596e7d6,0.006122391405453812
ck_084322dc5a3a86f0,0.001705474898300317
ck_ccb72a33cc1877b7,0.0022828905318252636
ck_afaf374009d3b248,0.005308636909227158
ck_b53084ffede19a8e,0.0001708177782900664
ck_4760216154c8cac2,0.6969157760576673
ck_37ad3a65db673e70,0.0009160152538943286
ck_0c2932cc0d553694,0.0026185366899069036
ck_86b853c52f20fef5,0.0012198784229229044
ck_38703b7546d35a80,0.01098342808721439
ck_218b7e6e6dbd2da0,0.0006520785580210311
ck_402db4184982fdf5,0.005219322051637213
ck_f917c82af80e4a79,0.045898255330285936
ck_3c6417a233c68c73,0.015039212973956585
ck_98068c397d70dd3a,0.009507486779133338
ck_b1cbd6679c0f8d95,0.0018221833173569424
ck_9e962f9bb0e7bac2,0.0021099681265753494
ck_b08247c3ad567d92,0.2017340166162632
ck_3ef7a03ebb81cfe3,0.0006327712079677625
ck_5d7ae0e3562e99bf,0.04700484927741077
ck_c91a628236baf91b,0.04991434356061949
ck_7f8e816ca51755e3,0.9324012083500351
ck_5aadd286d188f5c3,0.0007643571030134036
ck_a037aff5f8128c73,0.0014697613060379148
ck_5df6529ce8290906,0.010165074923673315
ck_5f3609511443e5a8,0.0007952991559775811
ck_a6f61864fac3c8fb,0.003122629465231306
ck_2733fc6ba23ae46e,0.014914545921729971
ck_22bfb9246646eb41,0.8113400046704362
ck_bfc2a57d8fd1610c,0.31337467772867517
ck_49839e761d0e74e9,0.0013920690853763244
ck_aa4ba931dd37481d,0.0017570239927287585
ck_2f9fa0d61829f815,0.0051821174655269095
ck_5b82c774df10d49b,0.0005225720253409928
ck_411219470d0a195c,0.002820839724863398
ck_d07485ba10514a2d,0.5744485755683121
ck_219bef979ee21bdf,0.0008220671985280251
ck_eb1006e7285184a6,0.00981591519680131
ck_fd242b18575e3063,0.022216130108840233
ck_95188150ff059c70,0.017354615981472227
ck_a9ca2f447b984a6a,0.0034494804781019022
ck_2dd39723c4088b64,0.010063291320556172
ck_aa2b4c662ff213b6,0.004896795246052612
ck_1867b1199c864db5,0.004073208712385875
ck_850ec97a5a0dab9a,0.002566993734510721
ck_562320295fa35875,0.0005247840871753976
ck_bab5759b07fe2bea,0.0012967210495933481
ck_b9f1465d803e57b2,0.047587540957846695
ck_8f21f2690c32c691,0.02378215319878871
ck_df87d6f61a63eb21,0.0010691401182630577
ck_770475876d0e7e6a,0.0011454629807281253
ck_b4c014d5c0cc9eb2,0.0006948942362887146
ck_3add4d23124c9290,0.0009118089667651257
ck_bce5b7fecfb6264d,0.0694727642929677
ck_604c17cb97dc89be,0.006801579320618897
ck_e52cbcd9aafd26b2,0.0016742561485854767
ck_0ac9114076f5bf3d,0.0006238302589095042
ck_dcc125b178b79566,0.0006867131638379116
ck_4e333c09f0c37dee,0.004378235708971753
ck_ff7e31ff8ba731e5,0.0021959830098398398
ck_8d0532d24f1070d1,0.0005372344145107917
ck_3689fa41748a6f6b,0.019909846678750696
ck_7509eb97c1948b16,0.0032146086705044535
ck_a9161cf1ca22a6bf,0.0021075239042431726
ck_bed3e3db135b782e,0.03448614030745192
ck_9040edd974ef8e3f,0.5443234753898094
ck_fac32d76ed40f683,0.0028274715711281116
ck_3d7b1078e2d57c69,0.001290924937258879
ck_dae09c4e074af5dd,0.005234847155156582
ck_fd84507228467b40,0.027553137658412045
ck_e2a2ce9b8cf44c63,0.003476518197122975
ck_cbe716f351d660d4,0.0041790121712407926
ck_cba4162ef29a6d27,0.001867828398908392
ck_4f1e962ff8a29732,0.003838069268057062
ck_39a81899dded61e4,0.0015743290318503682
ck_25382331551d22a5,0.017619061438250944
ck_6d64e1c07b19856e,0.004537584006964644
ck_165a868bdef28ad3,0.015435171147960145
ck_88774ae52e30e877,0.009979183000712965
ck_fc7a9d0643570053,0.0004873692110680473
ck_c2017120b3b88a46,0.0016853639436471375
ck_d115ac6b9fd62a7e,0.0018686240643280196
ck_439cf7d51ec7de0f,0.002968292131844707
ck_2468a7e9e68a0927,0.0006621448317846313
ck_7c418947124dee8f,0.029963830756429673
ck_fb0cf32c4a56f740,0.005060807778174678
ck_694eb6c43193afd4,0.0034096432077749287
ck_993beb188dd4abb6,0.0015357700594507858
ck_77fa39d3b733c226,0.04530750950743875
ck_49969a9abc47cb69,0.0012932354472503104
ck_d3f44bbe2f7e9b2d,0.006415146584494412
ck_fcf5b8216d0c18ef,0.0004851554079522511
ck_daefe1e2d2bc362d,0.0028150208382893803
ck_9c9287cb28950eb6,0.002940217579410617
ck_c1d1a625b885a975,0.002770212356554547
ck_71b37fe47490b4ba,0.0023941355633780503
ck_5d16e257c0635f7e,0.15072873858411148
ck_15918075563eb074,0.0009489931975406469
ck_9a15fdefc47e8d11,0.003099829392638958
ck_6f04d047d1dde75e,0.001300042677294174
ck_1af2c0b3b8d202c1,0.0013314508733771617
ck_174be2231c5fd2b6,0.00052842831652097
ck_bb0713a2a1d65982,0.0037452884514551994
ck_0daec63bd5b0729d,0.02330113029096684
ck_c0b5cc3e8ad2ff44,0.014118273689448582
ck_35bee1fc12664644,0.030005515553412545
ck_a1c7cf63467df4c2,0.001096531011410194
ck_ecb1e15f0b185ceb,0.009048158050029911
ck_f280d31f54a4710a,0.007714930550229552
ck_30f4b2ee8abe1342,0.10693583763162365
ck_66bed631354de5b7,0.004364969718733709
ck_c2d3ecd7278eba2c,0.0017144882707568615
ck_e901dec0e09eccbb,0.0002632963047946831
ck_5d038ecb3c8748a3,0.0008457193180609143
ck_283c5bea94b21e80,0.0006007855458150247
ck_7956c251b85f009e,0.46452560338491933
ck_9f5f81d771146aa1,0.00042312463240173177
ck_9323e6fc1e168eda,0.8488256035688525
ck_10495d3a635b8d69,0.035479296768742404
ck_1982d571cd36eb0c,0.001486186283098208
ck_4f5d7985bcc2eda4,0.001751023402872814
ck_7df526b2b4410bb4,0.00415240440366723
ck_dbb498b1a346a402,0.002042865379976247
ck_ef059997563e3330,0.0007890084358908677
ck_02ec4e06709e6b82,0.0006390793494723502
ck_9782c86ba6485f88,0.0007305284268148878
ck_d69de468b44143ca,0.0019935338837938216
ck_6430a8792f400e0a,0.0043814153240911554
ck_8285bd3c90af94f6,0.002173186435261954
ck_985c9ca112000e9a,0.0073809158207264036
ck_e679fbf4f4f4aa07,0.0008485368296607068
ck_016e8c8eaf9d511b,0.00853456932454938
ck_bc996c523944644b,0.006752851053673892
ck_5b8315726f6204e0,0.020561756216909994
ck_78181f8e998e442f,0.0004943434434265355
ck_71c68dfd011dbbbe,0.6226256860358687
ck_db32c95ce2b6f502,0.8362488465148042
ck_755010362a9b1bc4,0.0006025570554657706
ck_114141d85256c9ff,0.0008725957551077969
ck_9d1a5cf5a3b87e48,0.003366212497157562
ck_ab640420858ab5c4,0.027490584357431812
ck_97a8dac48dd62488,0.4535362199798511
ck_879cc3166fe1bada,0.0006326524704912439
ck_b0ed11080076e381,0.00131591061764351
ck_7334a9ec656263b2,0.0010410703800916034
ck_6494f0ef13ce44d9,0.0030394475689745713
ck_724e459b9ece38f4,0.008449244946966326
ck_7fd8b1470401695f,0.6724418640375363
ck_292f81186358b0fa,0.0034318658428653176
ck_fa7de64d37287615,0.013011126338991045
ck_d00e09e66ed6458b,0.10211062297529408
ck_b8d210e741be186e,0.0008311644198274743
ck_3db59982cbae4410,0.028674371382230078
ck_69887d0a9aaca6df,0.000980854922483377
ck_4feb21e2fb0b3977,0.0021460076767126656
ck_08c6cc1e143475e3,0.003182735713045988
ck_fe6e168cdbb46b9a,0.008433047572507926
ck_07f1734be7fac56a,0.014966481462860105
ck_d66d59981307db93,0.011307688621340219
ck_f928dba0d587d7c1,0.0007006606418716243
ck_786448fe3004cbd0,0.0003008202807301242
ck_29ea329fa40ace62,0.002100635440359408
ck_7ea52b6f27edcb73,0.009894883189660546
ck_18bc51bbf3ef198e,0.013276043853402435
ck_44950df09ff14ded,0.0003063810886959549
ck_c1466b52c0a10b93,0.005882480492851445
ck_6cdac067cc4db5c5,0.011028886301159531
ck_53f55c6e8cf2d432,0.0011367794550147517
ck_95945f48453ca532,0.033782972505192944
ck_87cce4126e215153,0.002887107460379567
ck_1ecd5516c92caa4f,0.0004717251770827568
ck_819b482bca14c068,0.3341918375565352
ck_a61a879dd46fc9f2,0.004674207662929797
ck_af70aa32c009c3c9,0.010934714279253618
ck_f4fe78e249092ab1,0.013670349772175128
ck_12c46bc52bf45b36,0.02208104616175794
ck_f05f5e4b40afa52f,0.03671237607920848
ck_0f8cb09d3f4fc980,0.1313379809761706
ck_80a64a7f0275a71d,0.0017357722461304934
ck_683af7b1540a0b22,0.02311312026003993
ck_51fe0b613c076cbe,0.0017113481674973052
ck_da1a2450219dcf19,0.007869506616908953
ck_2a7eba01ceba6c2c,0.05335863117682928
ck_4e329e29dfa743ea,0.13091984633394194
ck_0274d881d6db82c8,0.0006167040687396843
ck_0af5b7d128035b35,0.004905946305277388
ck_ae0a7be6b0a0ea68,0.0008325858630539323
ck_de5bb7a4d091386d,0.11547222479955088
ck_2bb7c17168a9d17d,0.005430648035958358
ck_0ffdff7b2f5fdfe4,0.005903331506141332
ck_718a8390b3d42d7d,0.0019990562258904096
ck_7c4f12d70f184533,0.000880934442300386
ck_d3e2c26b8adff099,0.0011965732327749619
ck_ac9d3d9754104cf0,0.0010722095366986237
ck_3b1766a1d51f8f0e,0.1507834822912272
ck_a9bf75bea912027b,0.016674603733342643
ck_687eab3ffe1f8cfa,0.01982488742879952
ck_25dd0b02af5b2f37,0.03206722838814236
ck_1747fcc466f0ae38,0.000770354924099805
ck_f6e9d14dfb6f3c28,0.0016646694852964097
ck_c6a7bbd0adc4d5f3,0.013488664714369119
ck_46656a23f4456d22,0.7607334614020391
ck_7519260415c2998e,0.006070343270116662
ck_754f30ea19df857c,0.009328949848786102
ck_ba88a244d5f7380f,0.0023090372145269226
ck_f268416945316815,0.0020586789580227657
ck_21860dd2159dff28,0.000897542275628031
ck_7a86ef4e2beaec38,0.0018927597637932137
ck_0414507baeea936a,0.008971138618910723
ck_60796eb60fc3043e,0.002606405986209361
ck_1e0841ed17fe0562,0.0016676365254277253
ck_0d641d32658d6e0f,0.0011782558735624355
ck_b36086ae6d87eec1,0.001333741603912582
ck_962e65ab33b5c311,0.8848599715520878
ck_b046a42684468e63,0.0016650572558865335
ck_ab3426435b0017d6,0.014639356377354414
ck_fcfe06e44d09a344,0.025865489473496255
ck_0f6d916c92189516,0.006204971453286997
ck_d4c8f0d957c3965d,0.0070582216392647435
ck_2ca83dbd728af019,0.0008942239756329411
ck_2857a4ce9f72fbfa,0.002590946835722221
ck_a60e6edc48e3d0ac,0.14077170183221485
ck_0cbd3b27063d4415,0.03064346978270201
ck_612089ec90c37219,0.00133608097602942
ck_ec4e597f17f473c6,0.000830336043901562
ck_1c93cc58f314bf71,0.0034661641486382396
ck_2b359a979520276e,0.006986505772825133
ck_1496568ddc3b2d56,0.005342757217289674
ck_41d91dc9f5063566,0.014303508931611161
ck_4c5ff58afe3d7a67,0.0007058568250285847
ck_81709736281fa3eb,0.0004381252979286291
ck_d89abbab3d4957aa,0.000879294190643734
ck_52453401f88935da,0.005373286453277631
ck_a477654d34783e06,0.0005779777325699455
ck_72dd0dbdf808cb00,0.005267601840025534
ck_c183dff3781746cb,0.05360204474841121
ck_c8b7f241810b45e5,0.0003457597950037224
ck_f88028c3f306bc70,0.007994414298849358
ck_91d48d69e4f5d9c2,0.0009805968573675362
ck_b74b9ba6d7c9aab7,0.10900576410987566
ck_03e904682dc73bba,0.002946270062948412
ck_fc6fed6ea96a004a,0.0050155251408179865
ck_51efdd240e34c642,0.010516602635101329
ck_e78ab4ff52b5fd2d,0.0015122538981728255
ck_4af7b97c24d89a45,0.00945037023483018
ck_295c0072eca7f7a2,0.001510383376474203
ck_8abd1a50a9227463,0.015744263840487445
ck_ecaa6f13304e3dc5,0.0008899117311034119
ck_de436e7b319be1fa,0.9969891358369299
ck_c802cf8f61466027,0.0007548622186795242
ck_3d83e0a3c1cfbf8b,0.002016878546478711
ck_28d2003c2d16e4b6,0.0014013554807389582
ck_8ddaf745bbb9cd62,0.0004147835797237184
ck_493b6256091014cd,0.010360775381193017
ck_a2245822cfea997d,0.0013697871459082986
ck_f7305b3c64cf8a03,0.04705982622670482
ck_9937dad93a0ed3c1,0.0008599760864387132
ck_d654449f9231ad76,0.0007301824106513541
ck_850e2b59bc535490,0.007132749262074858
ck_e55e5bdfc0242aef,0.010339715946048019
ck_d35c51e981b98c5c,0.0018284431030202587
ck_27cdf9c5e6f0915b,0.0028666301215367076
ck_d328db1e1052d820,0.003631707815767025
ck_0ea30eff5f361cba,0.0018942589712786278
ck_9994323f97109f4b,0.989969137672348
ck_09054e97bdf9624e,0.00046181085003172843
ck_723b4afc388113c8,0.0015626375611350247
ck_588f6e6a6a6d93e8,0.002215965529472482
ck_e1d563fab4d6116a,0.0009673404323508895
ck_53aca610e20598bc,0.0014976169024495975
ck_c8131ddc7ed33448,0.001376770275659771
ck_899f88464305824a,0.007408365251141413
ck_1c17c65804f8889e,0.002442603478273024
ck_45a16ce12893cf9b,0.004815280966038919
ck_f9d481aa4f9b2808,0.8045089415281337
ck_1d5d74169cf892ef,0.02267368406826136
ck_aba32acb61c1aaca,0.008244544226475052
ck_ec4dd3675a8d28cc,0.0018466225486230047
ck_5dcd443fe0bbdeac,0.0009084712090196108
ck_3a47e3f54475e854,0.0006300034351019541
ck_a9aa5c344c315532,0.0031626086827997286
ck_9652283c9f61fcec,0.0015739044373333174
ck_752dd3d2487f78ea,0.0018314206439959614
ck_a821980ac4db9943,0.3258541309833414
ck_93e0d6befb67f7a1,0.01349714281635654
ck_e7a3881c3e36bd51,0.19536701847459678
ck_12631b78f8a03df2,0.0018755752713766022
ck_57b8226610b48854,0.0012842940159419113
ck_352657008983fd4b,0.012405980528062929
ck_0841a5c24fd3dd28,0.005126353660720622
ck_db9b9d5d30f74070,0.022227446275651416
ck_a9dded7f6294e44f,0.03766285678401746
ck_91a16336ce3217dc,0.0012320516658280906
ck_371bd9388b287677,0.00027528951371656843
ck_f285e5e1912a7c62,0.0006352680224654251
ck_368b65fca69fc415,0.0288090512185843
ck_d27a73596b6500c2,0.0044319374277948876
ck_2d963f9b2c4d11e1,0.011687006813566296
ck_7c500e219af39486,0.000982856009024295
ck_7d025dea5951cba7,0.002331906399783657
ck_32f632706608859e,0.004885121994962921
ck_53816231f3ffb48d,0.008638794770327102
ck_9dbe184e81c1ca8d,0.04337543217872603
ck_d74123617f22a21e,0.0015357257002744618
ck_275386782b1606f8,0.000651674167877818
ck_0b0e79d33e50cba5,0.0028540290708038447
ck_ba93cb604f792915,0.010430351778525707
ck_a86cd653472eccbc,0.001838449388771569
ck_87771861e0447210,0.09518446329381054
ck_212380e0371d8a6d,0.003889190693118909
ck_ef0d702d7b0ed745,0.001023616556162095
ck_2b8f33e22f939372,0.7720214468349421
ck_480347ad92037105,0.004832384079040961
ck_20124c3a16c53ce4,0.0027622387082947104
ck_c9e1e3229baae708,0.00249597251694181
ck_b1befe967f7a5ebf,0.030344511927761574
ck_4672167d7c989bbf,0.02602025666001852
ck_f0c44ee5e3a42e3d,0.025018700167738044
ck_c416357d20238a4e,0.00486017163144612
ck_d0f470f8078c91df,0.0017374053078271234
ck_3a70b4ee59084715,0.001624671213762187
ck_179ed66cdfc1ce27,0.000984196050084528
ck_387e5a7f163c7837,0.008092174284707319
ck_08fb463e69f647c8,0.9962012640104816
ck_732f725747393ec8,0.00493785608281153
ck_7cc5e0fa3ca5a713,0.0011807917554847148
ck_ad4a4daa826ac68b,0.051983257595633346
ck_472e0be7a3b533bb,0.009099389683302221
ck_7190177963eafdd9,0.0031656479553743557
ck_647ac26c5900f082,0.0012203024352222878
ck_272ae2179bbd8e58,0.0007022923235714586
ck_09b0d8af304646bd,0.0006329434500694345
ck_ca0cc8ea9f344408,0.0015042166116652708
ck_332ad134fb909869,0.0026583698410914654
ck_fca2798914627dc8,0.05131333095920483
ck_4450b55f462ae134,0.0006687341140441055
ck_d67d9dfb60b286b9,0.0006298573498392349
ck_a9d2bb4f2bde7052,0.0014593242742186783
ck_929bcae878a3ecb3,0.34945004718195416
ck_59a9e000fa275e1f,0.006668482980383561
ck_57f17254e2688637,0.0053828465491014875
ck_0508908697f60ce3,0.0315039115129117
ck_946afc2943298d26,0.0018987488099090559
ck_7176d12b18f2cc0e,0.002516398802662796
ck_5c47b49c26cce286,0.004893241610622082
ck_b6a2bdb2d335e1d0,0.9971825448986416
ck_1d58f6caaa4d012c,0.009155495728075455
ck_71c917295020ccc7,0.0013863242955541534
ck_bc89644ae3688995,0.0023616525356491046
ck_e7c212f16d6df272,0.0034443957973876813
ck_c6d2e11a368184e6,0.0012373623539062295
ck_eed7f1f7548df15b,0.004789085765028894
ck_75b69034000ca7bb,0.003192789529995443
ck_38da3bf629458682,0.0011945165311112523
ck_90114c891239d821,0.0007484595887361816
ck_8ee08f6777cc155b,0.0031069954410729026
ck_bd86132499defcd0,0.002119659545166358
ck_b95fbf2b5640aa82,0.0035051074245749003
ck_c530235393360e3b,0.0018907076470661705
ck_be52a7ec43241ba4,0.023335647747331816
ck_d96eb3cc55f2772f,0.007327605942971279
ck_dd34f0a844fb115d,0.13549868055930198
ck_17cc7b411f448e66,0.011788080183892814
ck_856ea65fa27d06dd,0.007978583930030878
ck_056d5f0301c30902,0.031842341465000715
ck_e662b14b2bab23a2,0.12611095687845028
ck_209f574c8d92274e,0.004039679984557712
ck_62720b81617896cc,0.00207972313787733
ck_041614694b77e599,0.0019793546889312827
ck_461e3f7b97db8d16,0.008165730412651435
ck_1b74b798eebeabdc,0.001016926132230309
ck_0ed2739384f1d644,0.0012445511227305336
ck_5a4d19f1b83feeb8,0.004636216692269095
ck_463937167965a1f8,0.0016435620243247459
ck_9d7151dbdf100e0e,0.00461555593036315
ck_20a7d1ce6cc27312,0.001152659455527598
ck_6031211ff118cf0f,0.000466737832126463
ck_a6fc92aa91e99b77,0.9215287679124997
ck_0aaaa9d2f75a0518,0.011318950969207616
ck_ec26e327cc1848b2,0.0008999572544772721
ck_0e6bebf8ae9b9b03,0.0025348019421830422
ck_e107537a4cb738f4,0.002380441471605985
ck_e8ea56e122a5a487,0.020145186879921628
ck_98149ed45d38c4d3,0.006770142262432964
ck_0e719b3a6906b8f1,0.000309463027152436
ck_0c6e7bd357e4a348,0.0008104363054515515
ck_d3b2b250da61db19,0.9086409157796567
ck_8bb6b0a292754576,0.08940631888143054
ck_87d70f5fe48a6128,0.00839348869727626
ck_ea9edf9c107d429f,0.002317759813590938
ck_059806c52cebe4f1,0.023588660232778672
ck_a72d6df666e1c21c,0.002932223164704302
ck_1d2b80ab6c4944b9,0.0009847043814143945
ck_60557f077abc42ca,0.2672524430231097
ck_e5f5cb7dd6ce4a37,0.003724587221950418
ck_4c4a939154446053,0.001137373314296497
ck_50ede3eb561a202c,0.003398042356935115
ck_6d03a542922b2ae8,0.002607274077489006
ck_d6fe761ed0db3270,0.004447519540147547
ck_7f0cd6ea3096f985,0.0036536121403339316
ck_23edb6d938a3b87b,0.0009099642769210462
ck_799aaf9f2b9ef621,0.0008277153513673554
ck_f8f6a03613b6dda8,0.0038499006881057597
ck_7cffb189f4f514ec,0.8840592242987186
ck_c081e1967dcd811f,0.012152764807098695
ck_583d6ca78c97d91e,0.6092911202616875
ck_9332bbc7125219a7,0.00044084338721553
ck_956b5af6d7d86c65,0.7976741700661039
ck_2d634e3f24681c0f,0.005117262733759794
ck_7b35d218ed0c5a60,0.0019309448253805551
ck_ca5b1057f8248f73,0.002600366066400423
ck_ec5ea81cf813597c,0.005394047895155764
ck_eaebaf4d28400fb8,0.002724570017703671
ck_ae2ab6be219219aa,0.003322289697453287
ck_d99a8b4c820eb46b,0.0005838657044412889
ck_bcfb7ffb7cd428bd,0.0013057748145806707
ck_3dd542c2d31be2c0,0.002185078997341116
ck_c7dd84401e29a7fc,0.000591225940644375
ck_c4bcc7cefd40f8e2,0.0005776915288370247
ck_c251898b5d51e3b0,0.029680182583801087
ck_36d37be780c1291c,0.0038403104051346363
ck_99b4f266b61ae7ee,0.009510442638339207
ck_c37f03995f0f0169,0.000483236255560756
ck_65a23ac8e44eb901,0.0009095598024675178
ck_644b1c1149eea9e0,0.0059496632981419564
ck_9cf44eb0237c2429,0.0019208719017025676
ck_20541686a94fb71c,0.0044772723066722675
ck_c18245be844680f3,0.0034423628364285896
ck_56de216eda6b7fa6,0.0011419063512558083
ck_406c4442dee45cd1,0.0005769067014075249
ck_df1585c7d72a96e0,0.0002018127685383556
ck_b8e8dba20676d87b,0.0032669416064900567
ck_0ee6965e68efc177,0.011126000112283558
ck_c2a5c54ad8d0d297,0.003573541164981392
ck_bf6fb7e6470e95cb,0.0005572257053736208
ck_27fa694569140345,0.00025860076052204735
ck_e04166b0ce66393a,0.0025608881022160263
ck_8742114f4f0cb22c,0.08935464082470657
ck_6eceeafd56b42576,0.04275035739692422
ck_34f9951b0eca1965,0.00385682475237875
ck_384ccecd342a24ad,0.0007736031598624302
ck_49c98bebd1338879,0.0007716510080801376
ck_6c26c12071c91ff6,0.0006522761181318959
ck_01e5986ebb9a78f1,0.02898569831574807
ck_121db7ba3be29ee8,0.007137626472792687
ck_039e6d5a330cea1a,0.015075481112254877
ck_ae8c9163cf957d7e,0.006169858013548418
ck_3f5e8f3f1df0c8c7,0.026173379102355915
ck_b1c51fdafcd80122,0.008839375049550707
ck_12e2b5ebfe8986b2,0.0023217953990765285
ck_d55eb81a4d543c59,0.007316873361419514
ck_f85155ca5c312c7b,0.0033911617425237345
ck_133d8a1ac7c0e301,0.9642688759381393
ck_04212a9bb9b28696,0.9977668879336086
ck_4cc11c7d3ca61f73,0.0012624619809443874
ck_2df4854186ec515b,0.004752635798787783
ck_aa9b28e7fc43af79,0.5584446964881932
ck_47cad6c3def4c9e4,0.0006021234250625163
ck_fbff7b5da8111567,0.0020441832059831413
ck_bd25ea782e375b22,0.007899518879137249
ck_7989376f8cf64a9d,0.0011202387295002386
ck_675c0ca1ebb1051c,0.0008270907546436856
ck_1436f6e11d4008f9,0.002208551682563007
ck_812cb3a4482cc618,0.003361385633160163
ck_6e606f73a1094afd,0.0016758293714198467
ck_1b708e2a4a0584dd,0.0017120270564847512
ck_a60d6b324bae0330,0.00481858381589907
ck_706a4f673a9fda3b,0.5595103485940679
ck_a75ece9a9044eed0,0.0010963310416427963
ck_9aa45c4e03c8c57a,0.009703387511991951
ck_9fe9bdce982b312c,0.013839998802675542
ck_c6fbdc5ba68a8466,0.005995538281158004
ck_ed0cc1b1c28f9511,0.004754923980040527
ck_a4e2607b4c8021e8,0.00030242506886548145
ck_e02f93f51cc8caf3,0.0032193883511724255
ck_7084ed3cf20781b7,0.010957739650477697
ck_cd4c63155570d6ea,0.0008478018983249092
ck_d1b9e5d32d2d789f,0.0007505641317884033
ck_68f56f6560a7a933,0.002236083258030199
ck_8bedacc6233c6269,0.013928193433772041
ck_ab7cb50407d6b13e,0.011714435712949233
ck_f17ed7e0fd687742,0.028743139510001677
ck_b0fe4b92fc70f72c,0.003577202577393815
ck_84d62b8196da2452,0.0030321033136594777
ck_9e298cae167f4693,0.0011281093435014911
ck_405b20ef9ad0ba5f,0.0403142485147515
ck_813e02e1ababd177,0.009249996286279698
ck_f234ab47061ba7c0,0.0004826981739107177
ck_22b587c18363899a,0.0016465008647283546
ck_4e862c2f48c38aeb,0.002052469091999974
ck_b89cb90a420c9075,0.0005028703649749092
ck_be2251640f27a3c9,0.11253085454731329
ck_46bec0bff167ed3f,0.007563379117296944
ck_c0032232c2868328,0.005392302346049009
ck_030cf09525dba4ba,0.00048305876984731775
ck_6ecf56236789fc09,0.9703426095650629
ck_38d4ed52cbe6d123,0.005144329536674456
ck_2d923d957ffd4d53,0.0017340190358046815
ck_3af1eb88728ed8c7,0.006130490239894409
ck_2f8120ca80a1592c,0.010773506570536405
ck_6cabb1a133f0b151,0.001798960853408779
ck_bb6cf7e7b707731d,0.9419060605693894
ck_c8307fecafa90140,0.004699403725567828
ck_75f968be67f46d24,0.006993389225890408
ck_df6fe4ec5a233213,0.0031996989232646635
ck_b53e88c0e927d896,0.00036782322017898966
ck_f0093064aa28f4d0,0.010478192124697597
ck_ec9976cabc63ff92,0.00216462678030585
ck_30dac0a58c5590cb,0.1563887186368092
ck_348a525791ae6475,0.015678635825591352
ck_b898d912d1181ef9,0.005830882245083581
ck_f5b1200dc6f95760,0.0034682561945407857
ck_54978a073e7a0b1a,0.0008180399556474377
ck_55933936536a4071,0.0019493309352461245
ck_d6ba7ffd2ae08863,0.0032145832133060113
ck_404e2217fd87fdd2,0.0023082498950117
ck_dfaafdaefa5716b6,0.0975733118063332
ck_556c62e92d4e7e5b,0.04017710926973182
ck_7ce44f4e06d58111,0.22197594100683066
ck_465cb8ce232c7670,0.0016186757195230314
ck_237508ca4fb37268,0.036500916380584045
ck_ba4a6b9aa63964ef,0.0037715647469129124
ck_4802a0a7a1882c88,0.17089371367821726
ck_9478dfe4114c30f6,0.0017482764739855168
ck_5138f6c575dec64c,0.0036334519186211507
ck_aebb42afe430e2e9,0.0004309367005327173
ck_004efa95555437e9,0.0010799016221032121
ck_11af112667c98394,0.002467759782902868
ck_44e9a18a8645c9d3,0.001377849020900629
ck_2605fd571219e28d,0.0008264482194917757
ck_dfc933493561d84f,0.001613759838660222
ck_67674348e68d1f25,0.0039845868444601555
ck_dd97429277a2fa00,0.014622463815896112
ck_d3eab7a06eb48348,0.023995064274044093
ck_0b9fcff9667ec05a,0.0006083596481943432
ck_fc4bfd6e739bddea,0.0008192372277441835
ck_43292f70a03ddf2b,0.00510796749624471
ck_5ff6108056a3fef5,0.0036929758850217805
ck_767e0be086b5f601,0.01948572407781324
ck_b8465b1a5666155b,0.03129223380451629
ck_ab2e3fc56f5b3aae,0.08471171318556746
ck_1833c81d693c1e07,0.9548391196130116
ck_0308e0602b856445,0.0009514403234845637
ck_ccbdfe744acff8bb,0.004311915457022334
ck_b294aa27a0b586d7,0.0004097595226603224
ck_a3747201f377626d,0.9349619858452852
ck_edde1d7d1db24725,0.007519338727337677
ck_ae3b47d6e1063704,0.004515764125986414
ck_3aabf5e0f4defb41,0.002771154075078492
ck_f034adb57391f3d7,0.007415015777522859
ck_533672fb40531607,0.07340965096830791
ck_2a244f1ae08ef83c,0.0031852985247119263
ck_a35d81bcc54ece2f,0.003475267989516636
ck_78a61215675b38f0,0.0036464545302879636
ck_e013d88ea7939616,0.0018079663504678295
ck_e5018f9418e0102e,0.016943876767599425
ck_d4e024fcda401a31,0.001591200802515565
ck_f736cffbdb82db34,0.0005258471762339931
ck_1507f5aa50cdf3a0,0.007423075788540734
ck_18270fee7c8fcee8,0.001823974300209764
ck_95ffa1a805a1c9d1,0.0009723413475151394
ck_11132d245b94d045,0.001201154447463929
ck_7b93a622e40d8b14,0.08640898909565546
ck_3854c08d17704347,0.03400552310758352
ck_7717fcb100dc4b5f,0.006271386663251101
ck_ba54e0a1c328119b,0.21178598134165139
ck_a7afdac4ecbf2de4,0.38313158937695213
ck_ecfb771ed2352085,0.0013119536443472
ck_68be4fefc85a6b64,0.29816048173720333
ck_dac7c50bd6d0148f,0.0007410794138738542
ck_87cf36a03bd63c24,0.0934876760072537
ck_8adb40b168b59d7c,0.009221528381618027
ck_8d2f62930777416b,0.01701987177602518
ck_9958b58da9e3c21c,0.014272145880403946
ck_9440335375701f44,0.0013486841361028932
ck_e2f88e202b6f700a,0.006159549541244952
ck_4c7c50684827a2cf,0.0008700947394829501
ck_8a6ea4a79b1c7a8e,0.0019935837871096567
ck_186dbff4b24a3bbf,0.29271556605461757
ck_220fda3c11c59b6c,0.0229474887195762
ck_3acccc69f8b1fd14,0.007664632713930754
ck_9de191bf79afd676,0.0007835652863855078
ck_6de6b1663f9457f4,0.0003242283572983881
ck_062754f8b79b86e5,0.00037558207704765765
ck_aa153a89a52f7eb5,0.009614912513925718
ck_34a6bd3be642f15c,0.00239435094780162
ck_9371c700d9830326,0.0025471228467133862
ck_a99e0c258ad7576b,0.0007471534240999791
ck_0a7ba51d626e932a,0.010031795905445914
ck_852c50bbba1ead13,0.09947740172412833
ck_43dc13b6b6d31297,0.01366165444163039
ck_7d81b59d615a6649,0.012079410185728048
ck_39a3f1da060e88bf,0.0036812744676153523
ck_6fb2d142c09ed3ed,0.00908504142967045
ck_6e5752b87324b58c,0.004640817645511323
ck_9441d48a12e8a4bf,0.021983884227353482
ck_09e9c51eb538b255,0.0006666882614874731
ck_8d0cd981ed3a183a,0.0026994145413070506
ck_57c07c45269ca8c0,0.002166496455645748
ck_ccfc9ab888ba933d,0.0024361159851997083
ck_9658a6ef471053f0,0.0015399911376615487
ck_dac3852758f4ea89,0.0009060565067419316
ck_b1ed2278f5f14d82,0.0042051329410949115
ck_333544d173524f70,0.012302860261837674
ck_fd4582e3853ef23f,0.0028128814660336445
ck_614d936cef98db04,0.00059557324009461
ck_6bc351a3d57aac54,0.005134859979540334
ck_af5842fa7202ff25,0.004561735534432104
ck_81307759252571be,0.0006960173361131529
ck_b4d2f02d2cd45720,0.3822536528991373
ck_1bd753a4681946c8,0.9825734451027273
ck_46d8c029d46867b2,0.0011184586656636162
ck_b7da6640fa2f49cf,0.23069836257387633
ck_9ea3d5a5a91fef9f,0.1755273003366782
ck_7b922518f667f76a,0.00045157791845543355
ck_2a5b31594206eb30,0.7548563265208825
ck_d9506476ad3f9e08,0.005285802638336187
ck_c8791f7ebd4d93c7,0.0034226823123998835
ck_b5a3e20fd210017d,0.003253754782956888
ck_8e54386f4fe22cad,0.0031179655447972736
ck_75296704f5806f56,0.010902003735545713
ck_0fbbc7a6af300368,0.0011912102859879647
ck_d19bf4dc0627113d,0.0006514756182815881
ck_7951bd4eb99a0175,0.0004780744862052493
ck_059e4fac6b7f704e,0.0011115302504151705
ck_2ce8931af02a2ce3,0.0013953045794654318
ck_9e665618a4860306,0.0029725369824527216
ck_6fce5a893613fd2c,0.0006434180191266221
ck_9e3fbd04e3532f32,0.216049213605067
ck_55f2ef0de3420e3e,0.006993608418540907
ck_8d87658a6f5d204c,0.5830716089249786
ck_6d6ac1f5dd882aa5,0.0006892523267110001
ck_55d0c7012d7ef236,0.009224012395952056
ck_7738eb085e5753d6,0.01985056325501637
ck_0e6e05c3cc8c8242,0.008474196370428731
ck_8d27ff8383d48132,0.0009527274254354064
ck_9afc3bb849f3a64d,0.0037193439844519023
ck_27eb86a9898cdfe3,0.004822788081392619
ck_1d40e4fc541abe93,0.12016439730122337
ck_4fd9dc00e1913587,0.9889864072065975
ck_b26cdb2b7b165d2e,0.007771741201352907
ck_a79a27767a02e31f,0.004598258216846454
ck_f0c18cb9f951a71e,0.00687696752305657
ck_50460e0189de6274,0.9134415268920166
ck_5e5280539257c986,0.0033787984755002842
ck_eeb854318b3a6f0a,0.0012634363640312385
ck_943f66f28dd24750,0.0005583064724237421
ck_984dd7452aee372d,0.03753558375777029
ck_ecaa6de0aca5e9a0,0.007204770308874388
ck_8f1cbc432e2774f8,0.003251313749757865
ck_d91d9f8445b9769a,0.22861547630997422
ck_73c18e03e3c7612e,0.0003609159756504057
ck_aded05ada490da20,0.002471109447343024
ck_f744e208183971f8,0.0005802308042058534
ck_02d4cef6358ad3b7,0.001964188744156765
ck_08ff5bd467226a5f,0.00026347555783278327
ck_f824b326d5089885,0.18240691526619215
ck_3420f2fd520890f3,0.004476454833316854
ck_1838cf8d00f5b1e1,0.0017499615657866916
ck_a85182ad90b6f1e1,0.0005120850840753663
ck_fecb39c82c43e76d,0.001614020625755658
ck_162513e73782929f,0.008472045467665185
ck_2c27b77c59d8f23b,0.09793872048110802
ck_4221e07b17388fd3,0.008516692662744768
ck_adfb8472d5c3d669,0.002317079088706709
ck_0742fe64055d686f,0.00043888147137714095
ck_5060aefcc8b6f958,0.004798126351680836
ck_643f549b4ac78a26,0.22048737380884345
ck_dba767885bd6ad69,0.0009419066277924433
ck_0dda35c0c64c7073,0.9787729984354991
ck_38ea56d43afa5660,0.005806502707567175
ck_d813e15ac91f487c,0.05591593855710135
ck_4c840e5585a7b167,0.06406198936245075
ck_cb8551453a7bb929,0.0019356700316288263
ck_05a00b1dd5a03359,0.001954557763852815
ck_837cc7fd48453a01,0.0019610821523080415
ck_49dd816b31fba6b6,0.880293811414049
ck_86a61d9a39768e87,0.0038139674931101162
ck_cd0e76f0e7bb38cc,0.016311590383421674
ck_dbe58392635133ca,0.02554440714418992
ck_3caec7dd6f8d02c9,0.020690204159052848
ck_bfd9bfc5b6ab4a54,0.10360865519444695
ck_2103399bdb2898a6,0.0013223986560966022
ck_329f7de7279e74c5,0.0011084900627610918
ck_9bf0d28119fc42c8,0.00358809359073221
ck_f781539b1042dc83,0.00126961124603045
ck_9986c7d781ac6b4e,0.001102109495812308
ck_a627734880aca848,0.0006818105377821542
ck_2106e509d77fdb4a,0.49791634236938237
ck_420d1a9c604293ce,0.0022771515142894997
ck_fce0610c527e2b56,0.018359445746013663
ck_073da541ec3f9d3d,0.0071933041639529235
ck_aa5f3ab48c17fed8,0.05151249476763072
ck_0fc1086e1c9e04b6,0.0020752344575027414
ck_5c33bb46c1a5945b,0.0037501615593474855
ck_500948a8d4bd8e13,0.0031706879811460044
ck_19becd44f2c3d2b5,0.010479940230013349
ck_7d0fe77dd5ddb656,0.007785483028326331
ck_f158d9e5f101bb35,0.009739146473011896
ck_cdd7c77823c2257f,0.061415063251334674
ck_6c7b41374f9b2e55,0.0039653690333477576
ck_417090dbffb1a63c,0.004213938955635152
ck_dd0e17605f970319,0.0032202673538384526
ck_3646515079e6be55,0.0030972010390087385
ck_89c8b06aa8c84b2d,0.03653307749313418
ck_e4d6dedd97233c07,0.008692316645104765
ck_bc82fb1895fddde5,0.0024977887847154935
ck_88a8b1d442ca3686,0.013422972154122213
ck_5791f8f76a629a4f,0.1610422191038215
ck_9cf5e88e97c8c7ea,0.0023786272259349707
ck_58fd684aa5a6f289,0.00046177961203977655
ck_9800c21dfbd8e811,0.0029596292509623486
ck_8ae64df60ab6ccda,0.005397277932488779
ck_e535fb0f0c00418d,0.04755374227379083
ck_48011996d54855ac,0.6367400650909278
ck_ac79c72a8fe3fdef,0.04418454239362216
ck_b8cc2df5192bc49b,0.005381832416956678
ck_e96a5e1f08f8a867,0.0027566780788209635
ck_84df6770549e43fa,0.003788586421939764
ck_e5f7b99ba6ec5767,0.010623986550054145
ck_8347455ab53ff620,0.001043525970357115
ck_a84f2cdf695a71d6,0.0008068194985865912
ck_90456160115f9ef4,0.0018425995953874608
ck_ebd178b3f3a9c50c,0.0007596430419965481
ck_e1140be6157bacbe,0.001202129804832567
ck_744ffc11d32b96bc,0.004947063869295892
ck_e12a9f7d027e3387,0.0009731614028327412
ck_cbe525da0b69f18a,0.0026008569330885863
ck_aa59702537557ff1,0.0050185966628207125
ck_0348cc6908f7f3af,0.0006675611294352793
ck_120e995d50956bee,0.05171675587325514
ck_9fcde1ff46cbbea5,0.0010604676783269094
ck_54b0b070689c50d6,0.0010058133932527437
ck_966a167758fddfd4,0.0069429068815293
ck_d5194f2e92fd6427,0.0014751468452799583
ck_2ee84f3fa27f2cb8,0.0008190976162846706
ck_57d0a7eb7eae2eaf,0.009154118843188825
ck_6a2c4edd82e10969,0.000869581004141047
ck_96e4d38ef670eaff,0.006106963516464602
ck_52cc2fd5095b169d,0.0024902107407840817
ck_4b088920f3a844c1,0.05986066246943674
ck_8f3ccbd20d59f1f4,0.0010130638130295875
ck_e5e5dc431bed6f9d,0.002534998153112038
ck_e8b5bfa6838e28d1,0.008284631122501059
ck_4bfeb78b47b7c6a1,0.017247634960538778
ck_a705c61bd679496f,0.0020390307677024483
ck_731869a0c39cb2fe,0.024036789935613593
ck_259eb102342057ea,0.02093700046408844
ck_47a6005fabc33551,0.0009569392181595354
ck_682262b455a9edd4,0.0007228063477631194
ck_e839d104854945f0,0.0007936264468051057
ck_761989aa4c47d746,0.006181271040799532
ck_44211dc210139ed3,0.0029232380217957313
ck_9915ceedf63a5289,0.13339523066863185
ck_da59ab47cb6284ad,0.000651544344953245
ck_e5cdbfcca2456652,0.0009633613109179086
ck_13f2560c6a1ec62f,0.002089505895618423
ck_a0543e9b3abe1001,0.011073275349499851
ck_11c7a58e09e6547b,0.010103064003030302
ck_69587a134d43a4ad,0.07604402177797907
ck_28dc0de0ae291f37,0.006240371456127376
ck_298922703c5bbe05,0.01090025958128766
ck_fa5ba9ed9ed6a343,0.015684024351767745
ck_c08e64d424e56c05,0.005300892185183965
ck_598e036a28262aeb,0.014148842332866864
ck_3f7c870510083a51,0.00544773400526039
ck_364f8203a3e98d36,0.8021119624291764
ck_7333cedb61506ead,0.001205195151542232
ck_1d96d7fd65f208b2,0.010346795355095183
ck_63133a79f23e2627,0.017264981650991686
ck_901d820e0b72abae,0.00034277577230920576
ck_5dd80b3c01457bd8,0.003348610531534561
ck_c0b8067c144ed6c1,0.0021459428349411545
ck_cebb8aa8c8f62c60,0.0009250975581125435
ck_79749eca42ff1f5f,0.0026619855898408593
ck_2cc1d9b587f6da31,0.07425363446148257
ck_ccc7916b56d42195,0.0007503915762301883
ck_e43e53cc7b8b8e41,0.006212069643298006
ck_4ab74a6e7450416c,0.0012420442330559349
ck_6e44024e9de301c6,0.0005637588354161655
ck_dd78cb6ae2866cc6,0.0031073988430752133
ck_c363d3b050baf3b8,0.02368706134448276
ck_2d46291975f0dd08,0.0008039724419560453
ck_76ebeb5aee42f041,0.05148274738110002
ck_8395f004cf4d4c08,0.0007121241684915671
ck_de7259c3741db179,0.0025021250628815338
ck_3938e92585df2b34,0.0011059742630228418
ck_af69bfcf4f07d932,0.0025887032872257444
ck_1723900ab9afe374,0.04707032657880237
ck_3d58628d1c853c8a,0.0017688394822929655
ck_12a074db100481cf,0.05968538168140081
ck_8716cbf892c50e29,0.003889780361780176
ck_fbf7351958ad9615,0.0013970621424788765
ck_a50370907e6b397c,0.04650096615095097
ck_937402a60df0821c,0.0013848969569825724
ck_8ce9c5807acbef48,0.0008686270255762183
ck_acf7d65eaaa4c31c,0.0010523528673080907
ck_ec3eb6dd0967cac5,0.0025080463330040084
ck_fc832b0c90c9bdb9,0.9616260738308117
ck_8129e81cde280131,0.00199072648575386
ck_52c0ef68aa2fb8cf,0.004215368940990461
ck_06f042e9b1b662fd,0.002431134966123213
ck_0bf35dcf7b38f650,0.0006047757055650798
ck_615763afc2e17a7f,0.0009195115013505861
ck_e72db9d4b2fc9997,0.9917142740486152
ck_13757bf0eeb353e2,0.0012308834563186817
ck_abaf371ec8249c4a,0.0818103343196866
ck_9b7167da0920c37b,0.010576854100016653
ck_2e824b0b27494a17,0.019548541030595324
ck_9a0b605e9c3220c4,0.00425548661954682
ck_a5276af466b681de,0.00046879060693713425
ck_9e0383e1fb6e214d,0.009035600606785535
ck_6a27c44b691dbfac,0.0004158963304142833
ck_af39767cf583905b,0.004401198296843862
ck_243b1b9fdd3f9a74,0.0005302972779588576
ck_c0422e638a9c6046,0.002861328204492378
ck_e0f3ea3373dfc4aa,0.009355153409174036
ck_d56ee1654378ffc7,0.0010060573317759406
ck_20cd2f5666719baa,0.0007108689726758433
ck_4dfa1c1e9b69fcc8,0.001420648317622187
ck_5d22e9ca1d15180b,0.43251037660427566
ck_f4a7ac178fd55f0e,0.0012572055554717551
ck_fd5609bd23a1eaf8,0.0007470882346099532
ck_49c3bf13dc9471ce,0.010340366890642513
ck_724085c3452d4693,0.19601598917802826
ck_e5d1462846154a75,0.009052973318761112
ck_c69ef0f3e7d6acf9,0.09328514308010598
ck_a2d0417791d4132d,0.0017094007983320947
ck_00a07fc2a9183c3a,0.0013006668382238183
ck_781b8288e54ba8f8,0.0639184787301803
ck_d74a62ab3804a81b,0.0011334759683286361
ck_abcbde211b6267f8,0.017638722940736644
ck_16dbafc035574654,0.0023818632685288607
ck_018f780215ecaf38,0.0021157683894513306
ck_0b259620eac51618,0.0016063346968313626
ck_4f875342394c110f,0.0108052947935638
ck_399e45e5fe9beaee,0.0009824492392141073
ck_36224a2d394ebfe4,0.02416564209010718
ck_c189b551bd111332,0.0007368307533640566
ck_125c5a720ecb177a,0.028696586197739134
ck_76d010aa02eb477a,0.0003830123802515924
ck_1071d14c46c92379,0.6278019031731435
ck_61d244b2cde483af,0.00496548707081973
ck_2ff1860da2004c84,0.0007383246612228017
ck_c5b583490198672d,0.0017564630790575545
ck_1294f7af22fade11,0.042926796493009955
ck_e3a22799716df39d,0.0007171277039413753
ck_c77e22834ef97005,0.39161113363690914
ck_73d3689728270a2b,0.0022710914714888877
ck_295565fbf77ef885,0.00043257570350822616
ck_80c0a7f54ff4895d,0.0007894463805679932
ck_f1ef5cf7f10b16c8,0.009563990952697665
ck_a958b2461ffc21a2,0.05875815237083032
ck_0e7899a57cd617d6,0.0014021151915973216
ck_9d4fed252718f58a,0.007595134282551728
ck_83c2c34add971d76,0.0013807108637554594
ck_9ccc030ba2de9fb2,0.010253351904463475
ck_cd691e3466fb3742,0.00158457544991947
ck_49df70f908dfd069,0.05615030995668975
ck_362ce13eec1e33a0,0.001573121978393785
ck_2452a30397dfc54c,0.009996772908820055
ck_a443d49c2b4863b0,0.0007113166363179014
ck_c8b2e2cb349dd0ff,0.0010949080706635912
ck_354909fecf5da8cf,0.002625806779097397
ck_841f598bbd54c83f,0.01406514588806428
ck_cd6fbd4e8724f994,0.0013329476001301154
ck_e0b3158111370118,0.0028798330750113375
ck_4c2f2eb657c2c60e,0.00037800458895316497
ck_ef346071f0b7654b,0.0014291213210146589
ck_f3bc10e3decefce4,0.004883041452475104
ck_189b6fbe9b9192e7,0.003757102428253669
ck_5245cbc5ff4d4fa6,0.00227336716398386
ck_cb42e3be6fe87f60,0.0014603948103108395
ck_966d4d713cbc7792,0.0010201638515571943
ck_1c8c969667cbaab2,0.893771183092242
ck_d35e3aa9ef5d405e,0.04665357705757408
ck_a1c39df50a5873b3,0.013777585566667633
ck_a152165caf295b51,0.003781308911189018
ck_891eaedae139828e,0.0006737047054086947
ck_1a46b56f4734d52e,0.001740953396368323
ck_5e36042cfad96c99,0.12789267846489216
ck_02a8582c2603e675,0.002350807000555361
ck_6def9d0429e4ed4b,0.0026862998410242525
ck_e137400825a1e3e6,0.0010883709248250206
ck_d91ab840848a54fc,0.0003918821291438681
ck_becb6e1c608e0078,0.0015085809649932223
ck_6fd8c86ac719d7eb,0.18925231106399365
ck_3ed4d13f12fd9d0e,0.02979813813856545
ck_007337aa99a4891e,0.00043379205774470464
ck_60c3d8306527a08d,0.0013948434288373233
ck_95458880a54df0b1,0.08248506624516733
ck_b48cd8593533fc1d,0.628757973582042
ck_021c6a4a7e3f1f0e,0.0003956367846953403
ck_764d40f865e710af,0.002326719821643055
ck_4b84357ae8ec7777,0.0031779191768693616
ck_3397c7856b4669a5,0.0006313823031659067
ck_920bb003b42e6310,0.0009261625975922966
ck_8f59f11b512d5b7c,0.05536098460607644
ck_a3acf4b986afa98b,0.012936771102527273
ck_e89d25ed7bdeeaea,0.0010097362624857168
ck_70e6bca473bf6902,0.0012186167240195208
ck_186161ce152836f5,0.001980470677444127
ck_9191579254663f5d,0.0021633398277502813
ck_1e6628879e9d653c,0.0010191678573055016
ck_b498fa91a0776ff6,0.002960933257987941
ck_cfc2384f22954830,0.021943101324009402
ck_17673a1c2867888a,0.00041765942293027584
ck_523dce06515b072d,0.0012556133189657714
ck_c20638a325ead2e4,0.0010403765151028614
ck_d3877e1f907cc148,0.017964776751068348
ck_e9a2495dea8675e2,0.002188213903379852
ck_7e561caa5fa1f3f1,0.006440035688392485
ck_455672e652fe1abc,0.9170934452081327
ck_7f8f864fcc90ca82,0.004997475399331245
ck_1ad36046aaeb816c,0.0007200355791891509
ck_de056e37c82e8e00,0.003827295973774814
ck_7484c214c889fe7f,0.009386280306275382
ck_32430e678c4f9f53,0.0004599747685285792
ck_6276ece8f80ea799,0.009259753251074046
ck_ae8e5dc4b725bc25,0.004953548645814253
ck_f01be92dc78a2dc7,0.002693590813604689
ck_233397a8bd40d38d,0.001671493383328304
ck_f8124911450fdf31,0.8383785635214994
ck_aa0a3179f1111674,0.001080890564117801
ck_2366b29ed9887a5e,0.001161155841978279
ck_1f22f04dfc08cf27,0.0013971312981797717
ck_b62276c3426d680c,0.0033085602362972312
ck_d099fca88691f66f,0.003881511913501916
ck_166bd1dcbaf4d6fa,0.0008155488166757928
ck_7b1660e942436e12,0.0036640224686875617
ck_4a9a791a1d409a3d,0.01649027243708785
ck_b003e5b54df65db4,0.013493275602961525
ck_64b4dcbf436f0b75,0.0007682767940263262
ck_26e9a7bb2061a58e,0.026580055699231667
ck_08b77ad5f8f73007,0.0017541270006467722
ck_366616a725afc6bd,0.013812729997044446
ck_934fb5064b6eefe2,0.0008148582519861833
ck_c6abd5d57b1009d2,0.0003768337172592176
ck_edcfa9e1cf29d813,0.018832608135236736
ck_c30201ebd003fdc7,0.0023834678052345325
ck_c54643d94d3ce355,0.025806561770187454
ck_02adda6e91e49650,0.005505518900498032
ck_5b73d7c5255e58a3,0.10627106663524125
ck_129ffae92dc01408,0.00048603809343053083
ck_fa321945ebedb916,0.03553520259635731
ck_8da980cb2e1e2bfb,0.0028527059158936787
ck_0576b00d728bdf19,0.03852447298194829
ck_c543d82e22b3c8a5,0.0006348746668853876
ck_0027ba644f9ae2cd,0.154396421682624
ck_8dbf61df902a6bbc,0.0006455718969236647
ck_90eeca1cda79fd41,0.0018415814413130184
ck_86d7127391d4e01f,0.00042958592946776644
ck_73762038c7ff2f6f,0.0015344656447143583
ck_a1484e6215fac651,0.12569573568461234
ck_cb83b9f806e90dc6,0.05092249526612881
ck_8c6f059c95872126,0.0011624346073230128
ck_3174419a81e7caf2,0.0025604290523216482
ck_6a0f8f8fa4a3c2bc,0.016861764445561304
ck_b5777605668bfca1,0.0005793192680778577
ck_27e4de495abb4d15,0.0015826745232159886
ck_7f6fa79c7a107161,0.004074080773892206
ck_c36ed9f8e6792ea4,0.00825133941762591
ck_67a1aa88d2ea554a,0.018899137279887464
ck_09748dfe4df3d540,0.00033129923202842833
ck_27fd85b1e38b675a,0.0003022338389627294
ck_2369689bd795ee10,0.0006153361053749361
ck_4eb1c12f7d092bac,0.00043035752049196623
ck_01fbafc42c8e33f5,0.0016413291080086766
ck_93c4e05699b3b7d0,0.002785260312990871
ck_afc484d1b6907983,0.0008644293783234734
ck_1b2d9cae92a1aab1,0.023106535379052478
ck_73b729cb161487f2,0.001751292574662409
ck_fe3c1d0ac090d960,0.030205953701575687
ck_408efac1d3885ff8,0.09401424718483854
ck_ccb4dd9d0a48a76e,0.0007064303623003598
ck_2987eab34ca7805d,0.004451943894675916
ck_1dbf1f15193197db,0.015339085867089404
ck_4ed711fe4053e74d,0.025449952223402267
ck_6c54adce174f45f4,0.0022384500321277053
ck_a6c740041faf0bd5,0.001591167254512446
ck_b05c4d33c4f43639,0.00629496519266783
ck_032880f1114dd51c,0.012583053333495303
ck_22311b037456a76e,0.0005717183014773506
ck_5866b413549765bf,0.0036629978491742295
ck_0e808afe2570ecac,0.0037532430730176473
ck_634276b05f4381f8,0.004357932518058652
ck_5d8773badd0d4740,0.003790355881140311
ck_82b5b79ce3517102,0.9361973338550662
ck_b378b8d8100ee4b1,0.007598023555740531
ck_54e581f71be5430d,0.00045887698581425227
ck_798ba4b8aa544fea,0.0007620275712756129
ck_3fe86b6331ff95e3,0.10590593646470985
ck_81275d9d4c559e6f,0.0006528916773597692
ck_99a4e5ef02d89493,0.022171722311912292
ck_54e2eb018d947790,0.005514890545855788
ck_966901ea9c77cc02,0.003019109837025744
ck_27d69ff4e0cb428c,0.06653749755839973
ck_2cee2dd7bbfc09a0,0.8441116504625522
ck_4136b00924695ab4,0.0007740636123915711
ck_59a164c40c03a45f,0.0048520300867872885
ck_3e24b026bc66789b,0.0008832882096581936
ck_8105bcf69a75ee47,0.0005638059741361767
ck_7a1782cefe26a456,0.028616986571772172
ck_970c7dc195161272,0.0002535833254062245
ck_a48ec0c00ae20e82,0.0049827754855730315
ck_54b374ade34e1dc1,0.0006078454143961492
ck_74e5dec189761d14,0.0010511705212473956
ck_4717f24f2c6f40e1,0.02895477938566054
ck_fc8cd8a8209e802d,0.0014338008061234439
ck_71db4131d7efe218,0.0010888547225779168
ck_45424ea6f0bc4650,0.0713831975903888
ck_3716c6181a5035bc,0.019619641415529108
ck_26de14b96bdad4f6,0.002295843231798495
ck_99c0a41ac9c73857,0.0013799532895787604
ck_645f15bbbcff3b4f,0.9896312556646246
ck_b7e25ddd41514d4c,0.004392082266165574
ck_d5c14e877ca7b755,0.0014132675306344274
ck_05ea4440dac6cfad,0.005533494483242411
ck_c58bafff7b1955cc,0.015604725508432057
ck_f0cf85b67a9b840f,0.006425002415951362
ck_ce1500a7f0d03fba,0.010517744784508157
ck_d4972a775aadbbc8,0.001380655962169872
ck_3eb6146c262e0fc3,0.0011049787860603136
ck_afb23858a4ef42ed,0.9826360562339849
ck_2c1def5c91c52a5b,0.16191394818586358
ck_72e550559487b919,0.0019972015607708773
ck_0284dc2b4f856b3a,0.17865955605164172
ck_03be334935e999a2,0.0020503764067271784
ck_e35a4b4a3cb4cedf,0.0011583535398017768
ck_5abe57dfff4b735c,0.0027684657773812136
ck_f5f87f772388efa0,0.0018344097002171076
ck_5a22cb36d612236e,0.0023588394344872974
ck_8ff1e6028e764472,0.9085325207918841
ck_2ab28149b0986642,0.018227984730540547
ck_c88fc1bac79fa6d3,0.035158886477514605
ck_5b137d74bba6b1b4,0.0006108578723099534
ck_11f362dca2dfaf5a,0.005334373654758553
ck_7f960541e5174565,0.0005805415914511795
ck_d5458ba39ae94498,0.004168807316049933
ck_0a921a73a90c2e39,0.014808042174980472
ck_6ad56ef40086dbe4,0.0009104693932637318
ck_b68199ecccf2350c,0.00044577697177140645
ck_6dac66c8198c07d8,0.0019351591012431873
ck_9b9ce7bebc235fe8,0.0008143690428269173
ck_6b817117d87063a8,0.0023423675663309692
ck_900d62b3184378c7,0.0004289471622520607
ck_eafe9b89857149b5,0.0013983492878913003
ck_e74716a525ee5b24,0.0005979206524552704
ck_4e9a6f06ab134102,0.00412991857854859
ck_b0d33b5a3716661d,0.001246567380102548
ck_8703543bf3134306,0.0014456896462372213
ck_923d6a0f83accef1,0.002105702267339879
ck_52e37e2170532e2a,0.11382919017626132
ck_c1c5ea839c58958a,0.007988587781155807
ck_660f0006780e87e7,0.0027273944686033204
ck_830b2c5d1818ac07,0.005827180332135324
ck_b080ff636932d1f1,0.00037586667071311643
ck_38730aace405f2ae,0.997734008520001
ck_9790138467a06223,0.0002680646457407103
ck_10de0b0d86b17839,0.0007635657024494309
ck_c3e37a4d3382c32e,0.0004367801048262291
ck_dd8edfefa1eba531,0.00034029450180378195
ck_8153cdadd300d234,0.0006286661471706195
ck_74d0e7c2c6b63d36,0.9578363567837346
ck_c478aae3031bb328,0.0023759596266825444
ck_cf301f2194975866,0.0022683615236708398
ck_f4de03f44e3a5bd5,0.002547614329757647
ck_b06ce826e593b210,0.017294048447434474
ck_2fc70b6baf6a0e26,0.0010223505101780179
ck_d208494cf5c90047,0.02076887556038202
ck_086d29ccae565e5d,0.0006598567661356897
ck_d5ef6dc116dee408,0.0019810141712444575
ck_fdf0c5b722d83464,0.0037188810397612054
ck_de8494b13adeffb5,0.0006792276885996069
ck_556786868599143b,0.0036703451515103336
ck_4940e78cbdcfecf3,0.0055666869990701135
ck_d32fbbfe32c00416,0.004840484902011677
ck_bc7710f7e9fae649,0.0009240884650737611
ck_416f7ac57da081a3,0.005980676601983772
ck_6fb39b60c67d5475,0.0011288781875001036
ck_e40a156511345d6a,0.000552754720278398
ck_49ab879b5aa7fccd,0.04602522831959684
ck_bb643194d1cbc47c,0.9957333904247084
ck_b3ce8f1bcedfa043,0.002010039243593817
ck_558ebde8c29132a4,0.0016676406287976179
ck_e6222925762273b8,0.04393439202389678
ck_bd80546b4807dd59,0.006353961775173407
ck_bd21164bd2bbb635,0.0035304529549135947
ck_ea835557d7043667,0.002875071400127361
ck_1411a80a157ff39c,0.00806198875021697
ck_ab973888c20c9120,0.01407392815221763
ck_95b48972061abe82,0.0009883335626747153
ck_fc4a43f8876bf10f,0.16754940491624618
ck_f34fb7ccf82f41e5,0.0012651555175059984
ck_5af9934a56801ac0,0.0009794797008211074
ck_fc7445ec76389a58,0.2801396178201549
ck_1eeacc26f02fbba4,0.008405795884818497
ck_4f325dd15c9bd45c,0.005971403395591789
ck_5009a6c8bbaf15ba,0.04012743304102898
ck_0f3de7f074bb33af,0.0013026109378129855
ck_2cbc2f93a32eede8,0.009198953118176983
ck_4bb90a61c21a303b,0.0027968873697433133
ck_3ade9eac7d7b0dbf,0.021922940772520792
ck_4859a58629622915,0.0059117937172415745
ck_5fed957287ebca03,0.0008949939354064078
ck_ec01ae5351500355,0.0010445739045705047
ck_703b41624ae6a5b6,0.00046580132623842794
ck_97c38e7f61c27e47,0.00203027852077179
ck_db2c0908150cb2cc,0.004551046680953787
ck_64ac5e6fed86ab60,0.857138976187532
ck_da1c853b0a061e83,0.006678458274500011
ck_9a36916b60178ded,0.8320825892003373
ck_3715bfa7fed2c675,0.0014730085927967165
ck_dd3feb77d7d4f6d3,0.010004215211113585
ck_982ebb24174a4ade,0.0017196618632668145
ck_f6b7a10d47dd9a1f,0.001133007892173633
ck_1f56fe99f250cdf4,0.0031565932248724094
ck_deb3ac0606d6f6db,0.0022266610969850706
ck_e666629e5a41b39b,0.000745387185252923
ck_756d2c13d02b3e09,0.006429286796767385
ck_7bc752ae7cf5d55f,0.001761724231106061
ck_fc0cc4b25e6a8194,0.0012571482676962068
ck_9b2b0e286de78a1b,0.004071057019472351
ck_24b0803447211bf3,0.005656044651343968
ck_82eed68d05a42128,0.04679184148129167
ck_c8a03c516ed5b05c,0.15604718001254372
ck_e914974cee1bccb1,0.005377791896378049
ck_0c533ff2d0f9962a,0.004466908386300578
ck_c12805fa5d970a83,0.018772887121705294
ck_fc2cb29918631f10,0.02248777201164353
ck_c20e89afe575549b,0.0009739455567946793
ck_e1ff9e31becc27ae,0.005996916804586492
ck_18116d0ac08f1996,0.9129512413541202
ck_885a83975cea5e64,0.000931368515604224
ck_a0c3059a959ba5d1,0.0072056960099411175
ck_75257ca7d7da2861,0.012088153393469026
ck_2210f7a0d13bdbef,0.010641276156508457
ck_9cbd9ecf8374f65f,0.0015822076231035047
ck_18f67c00ba21fbde,0.0020521122537367144
ck_2d28f14d3973d8fb,0.0005436896078568816
ck_8b3401b44aaae728,0.0011477424452629385
ck_9d8e9ef37797d3af,0.8358601477001916
ck_9f50920c894f64e1,0.005625091131565079
ck_4737e0d56c6fa0a1,0.002194880404618189
ck_52c311f29ca3aca9,0.0011644073586797054
ck_6a4981bc721df37a,0.006106428605740059
ck_823539d936c55fc6,0.0005391316089347374
ck_df5aedb4118020bf,0.9574313233243578
ck_a911a066ff0f7b56,0.05540744199911073
ck_684609767df4a14b,0.049114926030510736
ck_f2350bf355dc919e,0.004388598842689786
ck_8452b6cf97c65a5e,0.0010555546236706175
ck_084cd84501012218,0.7000880997348263
ck_ace6b72e5bf3e93b,0.1687833791933801
ck_2afdd69094c955c5,0.004535568259527052
ck_fa7d5be26bf7b31c,0.05191491031305879
ck_4b041217690fca2f,0.009231204553293224
ck_9fb8e3d38cdf276d,0.9306395097616438
ck_c1ee56d65a42f59f,0.013190158160807016
ck_fdeaa1cd085691f0,0.048394186337944574
ck_5de33a7a87e9aa62,0.00179155575060411
ck_7476e7fe1ff45545,0.0032485063186079985
ck_b0a947b498e47018,0.0013308387319904194
ck_e3894ed88a7977e4,0.001342727401486867
ck_c7e07ebfb0bc15f6,0.003468945926532063
ck_3a3daa8b376f2a18,0.000992090764230866
ck_87809324c2675b0a,0.0019910515134028022
ck_7eb4f33260f1dcd4,0.002329153369046389
ck_ab9f0e08af030060,0.006847147483370754
ck_5b8fc4a76f340797,0.009963717293657751
ck_0e7bf10ef49aa818,0.006742177938742393
ck_a44462a3853ac67e,0.9913643949982058
ck_2d14bcd2e0fc043d,0.0002983722600057
ck_df1f2dba802296be,0.9577603152626823
ck_466a7316eaf149b1,0.0033218932472277576
ck_50df50af592b0c06,0.0019850289326954966
ck_5f9e34c849704b95,0.0005716818047245934
ck_7836bf6def26aa87,0.0026601545398717056
ck_ba175b1bd8efaabf,0.0017996651771108273
ck_1a0aac7f7b94b1be,0.0556720506256255
ck_6768c4b2aa8ce586,0.005129765767849288
ck_eefcf0ed15897898,0.0032617165156630023
ck_7a6cb27e390b6ceb,0.0010393885474329035
ck_5275be4e1577c1c7,0.0008475934464923292
ck_6bc0e5b8c0b7d2bd,0.0029756932314767455
ck_4874bdec79f9106c,0.005348068782705289
ck_a678731156ad7bd2,0.16333020770317455
ck_db906debc36a5d1e,0.007313117174400531
ck_e87897767c612942,0.0035653041970679805
ck_45ed5ee496ef8a67,0.004103117189574952
ck_ae20e28f9854f3ee,0.005366799310834778
ck_9ee044b73943a90b,0.0034070247953124837
ck_dab34cf6f0626c9b,0.024259525076228666
ck_64a02b7b96149810,0.0006383772896642508
ck_c417d06f3e94685d,0.0022571734260370367
ck_3e0149cdee4cb294,0.00998512266674945
ck_0e6046fc30f81705,0.0034781107576605896
ck_c383aeabd53e9c89,0.004149892473613642
ck_2ef76f1f36e8b869,0.1723453824058597
ck_43948784650bb9ac,0.0016706594018173356
ck_bdb966f43ac350ee,0.006124276946619699
ck_5bea0e0ee0b094cd,0.003146248793644152
ck_dff090f03ca5529e,0.0013994159155243523
ck_a4691b57f837d88e,0.0033357228929911677
ck_99ee90946395d74d,0.7550150228663468
ck_cc81dbc83a8879fd,0.0021136445981718445
ck_f3dc0725621b3a35,0.0008799244330138947
ck_1bb212d1288b9689,0.010590292647898921
ck_9e7278fc7679f002,0.008049018388652598
ck_3ded7a8720d7e311,0.001629194666101757
ck_798157bcdb9453e1,0.001224711427891956
ck_9fba80f56f357fe1,0.0010609075642737814
ck_f1e1c8491f16f912,0.0019101502467920614
ck_7b1319a5ca2f63c6,0.9898763831181583
ck_124432fd5c92af7e,0.8102309189353382
ck_148cb0c723284dc0,0.0026909710096723336
ck_b56c62c950eda009,0.0008655122193243482
ck_a0498755cd8d7188,0.00021685032846290275
ck_5379452a9d74efae,0.0007849661101474082
ck_6c2453229d608183,0.04606201808446813
ck_f9d8b4813a88c1e6,0.0008564663288253826
ck_c2c7d1e45a521857,0.022517240400313453
ck_4364a83a11743888,0.0011093748186630757
ck_2cdf5fd97ba75e06,0.014614070034046927
ck_71bc01291e0533a0,0.006310530154823405
ck_a725d7aed2a0bdc2,0.0003364928719223451
ck_a9b0c4dbd7db6a91,0.0022517175395711034
ck_a4258806a533efa9,0.008536625071588347
ck_905e460591d9a278,0.13447831624844278
ck_20de8abfd8960ee3,0.00728192575830484
ck_252b0a0f1119b220,0.00029722940306049626
ck_95e4bef65c36af1a,0.00042332510543927624
ck_5ab68b434ad53fea,0.0007665269501261548
ck_13677a1957078827,0.0006076716346892308
ck_d251e9fa09e542dd,0.9980255400842092
ck_700cb620f300dd47,0.004825775645937692
ck_39a68c55a1bd3ace,0.11478237075309411
ck_61a59a7944d6c53e,0.035974842317229375
ck_db6d1c6d31da967a,0.0008402287360973059
ck_650020c500b1b50d,0.001050352173581539
ck_d812eb6930192793,0.000915715119440632
ck_92f6ebc11ebca89b,0.03753332697506473
ck_d87e26eb5bc84b01,0.0002387570225745815
ck_66439e697695224c,0.0004292606437285051
ck_f21efd504faa654c,0.0008477307174043711
ck_15eed0f5652f0352,0.0012270832782881676
ck_bcdbf57d98dc0d27,0.01218922746654139
ck_873ceb8004d3a9f7,0.009610452365930893
ck_70bef9ddd4bab005,0.0019197856738066383
ck_7560f1891d66f294,0.00040148474890178826
ck_f439f16f8693883f,0.0019377512953691143
ck_14f9535e53f9c7a6,0.0029776053091448494
ck_5984be472d2bc267,0.26098828532748447
ck_ed01be7504dc4187,0.025930076252452444
ck_dc3d8b5c17b67ae9,0.0009293361880803681
ck_9dc23031b6b494af,0.036787031327185124
ck_fbdac0221bc03f66,0.0034578709980885806
ck_863708a99b92ef0d,0.004614633891942517
ck_22b52654776a1ea8,0.703095366495595
ck_a0714f98001efa0c,0.001485442133586408
ck_9c56114f84e9a541,0.00279073168546419
ck_e155cf506b2fb699,0.0026158155456199187
ck_65ed7e72f24731e7,0.0014300257609562485
ck_822d6e8e43befc72,0.3282983190885847
ck_b1182471d9ac6b26,0.000976299732882139
ck_821446adc95e6da5,0.001311047959758677
ck_ff182f033134dbb8,0.016208859822362483
ck_9c5feef7647b0588,0.0040097700376653085
ck_df935d8bdd44883e,0.0018715055000660767
ck_01eb24c18ad11fca,0.07846787036412957
ck_00d6730134a1eb51,0.002435363439500173
ck_79ba8e85678d0224,0.0013344341918674351
ck_97e3b04a1350f6e4,0.0029294951386535837
ck_74e9747954a46eaa,0.0020077354227305616
ck_397d5fcc9972f909,0.2216680619983261
ck_9ede89e8a43c3f53,0.07671389281764913
ck_303b33910d67f306,0.000592733700847087
ck_3c17841636f6f7dc,0.0015619449153882426
ck_78730527f8ba1438,0.3209646277153025
ck_5ee32bc6bb5d1d4c,0.052467082762706806
ck_a13fee8cd925d0dc,0.001935053454075825
ck_6f847263379f2e43,0.006630521927635794
ck_9b9d9e579e7b55b2,0.06029727254467202
ck_87c1d0a79e79c84b,0.005100444441839883
ck_bfc453eabb472f91,0.0007640333261474336
ck_978c21bb5fe3171e,0.0036759145042557333
ck_dd882323474431d4,0.050055553355074466
ck_533c4f7400d5ab22,0.11696831032806022
ck_5f217bfe28954e75,0.9868561003868606
ck_ae96d35465b3b4bd,0.0012520917403275533
ck_512ebe97c0af94dd,0.006946738860802662
ck_f558fe02bb0219b8,0.0026182258513031214
ck_84092e23d5ef4d51,0.010441306758979743
ck_17d3022ca12eacd7,0.0007174499153515499
ck_8a8f81bf3558fd9c,0.0024388490907803688
ck_0ada6fed1864e7c4,0.012052765454449579
ck_21fe7bc59dcd78fb,0.001554003595544894
ck_e136e20c1c74fe38,0.0020563623538327118
ck_e7a530e09d113dd7,0.01721215627199458
ck_7cb0c9ded4d63027,0.013201633514817538
ck_102db9615e722c9e,0.012221284948868972
ck_129e39ddfde92eeb,0.000379834812027499
ck_d730ff21bfd7769d,0.0022454369495055505
ck_54459b45d2be8459,0.0005864790354083895
ck_7f1c20319eb60aa6,0.9971686616280189
ck_939fede90473e412,0.0019155757216474435
ck_e0f9506a6d5f4a1a,0.0012122218375187992
ck_9a4967cdf49265cd,0.053677165030618194
ck_b9eaf03453ac7d5f,0.0006020850175125054
ck_522477be6376b450,0.0020465660210985514
ck_9b6282e3bad50710,0.005000335666037313
ck_a0e3a2facd508e49,0.004321705469093633
ck_97ffae702f7c3d08,0.0008870282169386078
ck_344a95cb7115ec67,0.004061635099760005
ck_1f2760764afa45e8,0.000668928997890269
ck_720cd658d11ea428,0.0057862819938031395
ck_04e32ee9834c088d,0.3874742258923246
ck_2bb1389e5e72c8f4,0.0043371129559066374
ck_961e7dbc217cfbbc,0.002282357234597494
ck_f3bce4eccfa6d6bb,0.0007215897005084426
ck_e0ccfa0d689339be,0.0054851396257691145
ck_98217aeafa0bfefd,0.011980213562494305
ck_a02aeec1914c158a,0.006441879422216699
ck_20a17e8f206a14c8,0.008019675407068048
ck_114c32aad4b6183f,0.005886635398390256
ck_79f5198f0decef20,0.0012742669919957594
ck_2209de229b4c71c5,0.003939012729255105
ck_6ee939b7f396975f,0.00107277634267349
ck_202f0c14b07ace01,0.015279925332538354
ck_fa24db9d416ab904,0.011684193093585945
ck_cf6aa24b92c4d33c,0.2538485444851427
ck_45f57fb8194cefc8,0.01029018619075899
ck_d5eb179dc45394c6,0.007745343260405306
ck_efb24be983342f75,0.001894776244039412
ck_245f5d62ead5ef28,0.002316691649066554
ck_15fe2a47fa7e92ea,0.001523826833696161
ck_b6527a85fd682554,0.037606737748270946
ck_11f9390a11ce9ff5,0.005870879770966683
ck_ffb4d892c5158201,0.000725037303867332
ck_d4c1da5a1427fd6a,0.010510370634383912
ck_2c041b1efb1c5063,0.0004944068437570514
ck_ecc18f40b33be769,0.02711734167915773
ck_0525349f3945375b,0.03627436027330854
ck_0bfe62e0c7eab9c9,0.01393487416911225
ck_b7c37d410b1646c2,0.0063394326522980314
ck_4b15b0746318cf42,0.0538886581636909
ck_e5ee006ecd8ff661,0.007916694947265213
ck_ccc83cf66365357b,0.0113733576146338
ck_34a33ffe8339f66d,0.9879199412853995
ck_4e39e3b165edab58,0.8452631543472503
ck_1a71f8081ae00190,0.9424090232627749
ck_ed8f1200fc049c40,0.9589950875721345
ck_8a5a57858e8c77f3,0.008742746388369041
ck_fff9fdc2adf5100b,0.9337296574059215
ck_c76f1bf40f3b787b,0.0002422703019601481
ck_1a6ddfeef82b1b1a,0.0009739686856595086
ck_478d2667aa9896d9,0.003443691451220927
ck_641c8e7694b21f3b,0.002451413454688652
ck_293581d879f6663b,0.8761209841485915
ck_1bfa8abdb22be8f0,0.0019690319766917826
ck_05ab5b03d0bf9ce4,0.07377474753400186
ck_35694db37f0cde7a,0.0008378828255503481
ck_fe33eb743d714c03,0.0035091151247490554
ck_abd10fbcbaf2b038,0.0036908098446528873
ck_46d51648c1bf80e5,0.05641067120857596
ck_5c8390017fabfaef,0.00800709955401697
ck_87d55ca333f22072,0.000706978912882004
ck_c39c6a1453e2b92c,0.0005362090796861078
ck_69ff1b0aa143a168,0.0005118256185296023
ck_e57c79eaab35ded7,0.0007813390844700101
ck_463ae759e2b6ad1d,0.004139186024738561
ck_0dae4a7eb587f3ba,0.00226676641317856
ck_9b12fb56529ebc4e,0.0029485335950300375
ck_1af547077ba2dd03,0.08527339155059448
ck_de13de941bebc7cf,0.0003643760730003263
ck_83dde7da2bf647ac,0.0004468257404098598
ck_c80a94d4660041fe,0.011493507048355873
ck_f39cfeb277ef6528,0.0007597809827555429
ck_1cec1ed1512a2d3d,0.0005565424964674332
ck_7955a359b6448799,0.0011678016356890242
ck_8c0955dad13c3ca1,0.005569720782726482
ck_6d4cd2de601a2308,0.0031267755648443163
ck_f4536ba8dd2d551d,0.0022481524252351615
ck_b379c198d6db2d62,0.0021336971827692446
ck_76ea90ebc74bcdc7,0.004312367559981136
ck_734f06bd4aa92781,0.002171279319228917
ck_677e1d0c14cbf569,0.002376909242794462
ck_259271c70f3fbcbe,0.006640492555523042
ck_c0b744eb9e7d4eb7,0.0024789242209543668
ck_3d41faeb96802f68,0.0009189916714633176
ck_8f604fa70fc3c8e3,0.0016752543699954563
ck_0b3c3bea0e0ed339,0.002593560369576552
ck_be5df076b8a86409,0.000750923525893153
ck_6a475fe324d7d790,0.008412296789421743
ck_3ba3fa5387bacee8,0.00023749117034339585
ck_324b9939d9c1c31e,0.0013318709538016169
ck_a7fcf7b592f68ca1,0.004145022127113297
ck_5b2728f7cca414ae,0.0003502789994407178
ck_5f4a25ffd0b85a47,0.005486397596183319
ck_63d4f5076fe4406e,0.00031614891947049067
ck_af528d66c86f0cb8,0.0017209498803844763
ck_ac7cdb9b8da7b5dd,0.0012735546745958313
ck_3bece63711407e25,0.003239012218708618
ck_d4e0b2a12fcfc35e,0.0009793206046670919
ck_ee3e7c9d3a9c74b4,0.023750113992885503
ck_50d7c4dab837bf66,0.0024116575297045534
ck_ebcb93a2990fc914,0.02784123217615776
ck_2329cc9702cdf7a0,0.01587118172896331
ck_db1fa53d588bf99e,0.0011988249304657821
ck_44e57a0bad5a0745,0.0015508440973097013
ck_472c81a144f4631b,0.0017579616279361455
ck_1658429acd5306ba,0.004350176112681029
ck_466103ec5bd9444b,0.00741014582073558
ck_9757163e25262b74,0.017394914183117883
ck_34ed59bc2c9b0186,0.0017755613305897285
ck_b7bd3a7f263f4f29,0.004193850869536727
ck_149662b09d632e41,0.0019403392071121867
ck_a9ffd6b3957bd41e,0.0006399951040311332
ck_ab80466ef615e85c,0.0008754792125106744
ck_f2c824d3473db24c,0.0019372045395720896
ck_a4a01fd45936b078,0.005925690271626166
ck_8f6ce158c2902877,0.0006106380786609636
ck_5189a302cfa7cefd,0.00045199184649211165
ck_430a3d03be588201,0.001965830562560773
ck_b5f9dd00914b4db4,0.0013015460498687458
ck_52dec82e9cf6135a,0.0008077718910440133
ck_95e444a01e2ab4a5,0.015031208915673586
ck_e37cee7b123692af,0.004434821464740772
ck_d68d42858a55adff,0.013119931466282878
ck_3abfc010091d679d,0.005390616743706609
ck_cee4e4e1b62bf82f,0.002707429897746835
ck_9ccb17c35e636c5e,0.005616152727958908
ck_f72a5a3b0d6c1177,0.0007067981612490888
ck_7508aa554fae6afb,0.0729158070259463
ck_003aa842b7ca1d77,0.47683475536226194
ck_83b2b192f41ee2bc,0.10461606469627881
ck_64796b6b2c3c7f06,0.004767288469125003
ck_6438ae81d43cb196,0.008854369316879105
ck_2bd73d9098504760,0.01655518963274773
ck_aa8b9b36a099e4c8,0.00618405633155571
ck_e5ece47d0dd10526,0.004657704649758234
ck_16077ac345472e6a,0.006104867270604776
ck_a4d6e152b0076964,0.0009480407704571576
ck_d90b1d03ae151f62,0.0038278402080520685
ck_18b36d342b530af4,0.0021701106564296154
ck_2a01e610348b84f8,0.009096862661241564
ck_0a93ed76bf36c8b6,0.001659428122929421
ck_3d56b477fe2370b6,0.008081206720875056
ck_17ab3068fa303682,0.0014724050419051434
ck_592a3520d841d11b,0.0054757732759307546
ck_84d07028b5fca2f6,0.009117812289309373
ck_f4a2bb10afa85743,0.0034120319775879184
ck_4fe4b072f03f2c1e,0.0002906560101381972
ck_9ad08fcc183ea1e7,0.0007052763115443452
ck_130d3848b9dcdb05,0.0020137790210262457
ck_bb399ed6bf28c230,0.013665749433183745
ck_a31a64a39a2c4941,0.00123162105083684
ck_c49f25dfb39909cf,0.009042865306517371
ck_55f50a9ae2db8ff7,0.0012743785018820449
ck_09faa4e771cf876b,0.0015112307465735193
ck_df520a7a6e405889,0.009379694607811457
ck_8c8c98cc694ac900,0.004649419535236113
ck_7f0c4f609673ef62,0.007100157388022076
ck_f51fe59cd445d2cb,0.0006699641730077503
ck_b3fb83f0d772a831,0.008106865784031036
ck_d6e7e257751c299b,0.0009575318320152762
ck_0d362ddb4a1cb6d4,0.016385973156476913
ck_a574a08edaf81781,0.0018893168644092634
ck_a823f5bcb0e4b9df,0.0006948392150300068
ck_f792586ad0381eac,0.0048954309212822745
ck_54bfd70022c66983,0.0007858436018343672
ck_fe0a9372c9372de9,0.0023563342279247033
ck_5691cd6fdb6d8147,0.002440952887137484
ck_a95f212a02433d23,0.003094004857188193
ck_f5adad75e1c06731,0.02817342161076099
ck_e09c97520eb0533c,0.0018292736448801057
ck_a1e13c0d58560340,0.00042101714208210334
ck_cacc2ca410cbe80b,0.0030720697479066916
ck_c0dde2a6ef1e08c5,0.0016287746398759215
ck_a04403073c90ce38,0.0004047508381794499
ck_03d3026107175dae,0.013060694488486825
ck_50176dae5b1b716d,0.0014019112293814288
ck_6c084bfcb38e96c3,0.005517079191459608
ck_36d2be9012f7909e,0.0028443564241817563
ck_958acf84c6137a22,0.004754102826866259
ck_114722e12db90a73,0.004622909641193091
ck_203c2a22c0c165ac,0.0019509916171116368
ck_2c44ca550e5cfa82,0.002550506888307092
ck_df0a8f20ab8f14f4,0.0055093716268361514
ck_826a27ff7555192e,0.004112652391885762
ck_09a988ebcf062297,0.014142071570857114
ck_5c82444b3b9160ae,0.0015658303306635985
ck_f6a4a7ed27fe76fc,0.028567998545461222
ck_17de46314b5c6a92,0.0030649772172920316
ck_335e63101b1e6c4c,0.05717595393611501
ck_c5eefc0697451de9,0.010439272679768555
ck_49a0efb5d4067b6f,0.07868904178681049
ck_c1f4509c8f5dac5c,0.0016345417383083407
ck_57658eda1c59bc52,0.0006036633286025235
ck_0d5c0736ec76385a,0.0002582249494646588
ck_e0239e6ae30795a7,0.011522481822492176
ck_e4459115cd8e5e4f,0.002879109063080906
ck_bb4aec09d4968dda,0.04199073402710745
ck_a1b4c96faed3e0db,0.005319391466484023
ck_8247b79ac67aae7d,0.0035019683764704944
ck_fe2fc7d6e5d83f09,0.0013328827904910854
ck_f6aea576cde8d592,0.000831671631100175
ck_b7e7f7d0cd886412,0.008907458979159757
ck_ca7b993e8286af7f,0.0009676711233780097
ck_47de038381a9cd65,0.0075928798882482175
ck_d38f941d09eec820,0.007606144886304182
ck_d9ba2a6c0d926b4d,0.0005614323448858528
ck_cda72f597330d0f3,0.0025437890058827295
ck_16d2d27fadeeacf7,0.0023125511288472947
ck_be05447853d423a9,0.001028495463390752
ck_cd92852d7376a4a8,0.000463208927120274
ck_2faf7ecccc9fec58,0.0004957037633599024
ck_db8733fd92f20cd7,0.006675796298103616
ck_a9989a3a94c26634,0.004091084005782618
ck_957fb25437c75e41,0.006540194876229555
ck_e6a6caf6e7de17c2,0.002123872937817027
ck_f7bc569b37e8bdda,0.0039449289494058164
ck_703b375dd86a6124,0.006597041626811164
ck_d3cfb3603f2c6ca3,0.019543570708766944
ck_07cb2b6f2a4303e1,0.012185435061256482
ck_31631e2028d4f855,0.0014391824745839993
ck_1631bab0ba1256db,0.0029131385776126626
ck_5fdafeaec036f016,0.0024096192114075126
ck_6eda4c36aecad602,0.0012695074231428823
ck_bd1bf9e3e29de281,0.018319318642164222
ck_bf378ea558a4125f,0.3976033945535249
ck_7aa2deeda0e57412,0.9936822909337175
ck_d229cf7f5a3f38ca,0.0028052984510785867
ck_9e109edd124492a5,0.000573136317489952
ck_779491819995625d,0.0968314609166139
ck_b89c6fa2ad0a12f5,0.01586488781012488
ck_1d01b4a609918c4e,0.8400035217683068
ck_714c5d7cb17bc9f2,0.0074763997732790344
ck_269f1746f2609ed4,0.0008943213659792162
ck_4be03a2aa62b93c7,0.0008322358647426262
ck_cf920313f6dd28fa,0.0029117399184927038
ck_fb00aae4e17740c5,0.0010414664792585254
ck_085d8c42739e2b10,0.9964019778038414
ck_c72a7d0d03cf3e17,0.10299148357628633
ck_8f6ca5d3b17eac6e,0.0012267292267220526
ck_d9573100bbff4014,0.2297029896924116
ck_79d6793d1d0cf43c,0.0007608382440080728
ck_91fa5032f7aff0f1,0.03235241557849812
ck_87110d84872c0fed,0.006337862934972837
ck_8220da627e9992a5,0.0008471262291285929
ck_2ae44938847f3852,0.00482098837973427
ck_b0f191e44f9b6f35,0.011552231454844672
ck_3049d744b527f4d0,0.0009543591473646246
ck_47d3e8d1dd3fbcef,0.003052085232471624
ck_ddf787359d2b5deb,0.00036524538963720276
ck_b27a9e39726b26d9,0.0015278442686865916
ck_80c4e9274cf976b6,0.9938464762757284
ck_c6afa913168ce8fa,0.002312453922129626
ck_52427b3f8478db19,0.001095225078999827
ck_3b810f15ca0eaa55,0.0006820376353587715
ck_0c9e420f97baaa06,0.8874756401467091
ck_f8540cf3a8b2f8c9,0.05743487683941605
ck_1402d24dd623df72,0.0009538905228408377
ck_eb4f4267e24d042c,0.0008529718015402459
ck_6f661b428d6fb8e4,0.004197140368071358
ck_519a26ecf3d29c90,0.00038074980780892023
ck_e886ba71d4a6fd73,0.005880050851644797
ck_437f9ecd2016a1a8,0.0014707384052591696
ck_f01af1b0c977cc06,0.0036658364541724588
ck_614f777c2eb5d537,0.0009657469137554101
ck_b804e784cde9af8b,0.0020173963659089514
ck_c2dccbc1b24b137b,0.026702527914890552
ck_1df4a1781a0f6999,0.0031565717842058616
ck_bd2cdd53fca26171,0.0059068965293464296
ck_424c254249a109f0,0.02392118659238657
ck_cf2ca4f286e289ba,0.017117903258947537
ck_6c33cb15b0d8af54,0.0009239356428672025
ck_311d395fa9b8550a,0.0011849701170780311
ck_9f792e7e721ff7f1,0.0012185279726032124
ck_4c37586080edb7fd,0.00047928337096514044
ck_7c4f42c5397113b0,0.0011826054409678542
ck_fc418f53ce4aa579,0.9480026099462061
ck_1ba28fb7ef726ce2,0.0026415741067422217
ck_d932f98bf6b83956,0.05910163827019588
ck_248b3659a9239240,0.003931425472959797
ck_6a92cf5f4cf5de38,0.0009463810579072897
ck_65519d0fb137e0c5,0.001393286474586492
ck_ddc3fc99eaba2064,0.009812483207133713
ck_7310cda3bc65a73f,0.003357287331774251
ck_c01c85bd631d4054,0.0007380399812325791
ck_b4954d16b9749829,0.0024812193407494003
ck_f301f6758e170d66,0.011012329584376852
ck_9bf95f8c47e7c7b4,0.003143201425298913
ck_c91b7fccf6aeb4a5,0.038922623582554834
ck_785fa45e86bc5e95,0.0010059063437268655
ck_2a65f1cc23f1180e,0.000763223264292
ck_a49a2c1f881a3560,0.001101881654178385
ck_def344d68f06d749,0.0035640250536674617
ck_abbd1465fc730d78,0.0016602166817216467
ck_07a5610ed28162fb,0.0009353307872857886
ck_7ecdee2d7127be8b,0.0023510505183196345
ck_67858bc00e81490d,0.0006281087361219076
ck_b4ad165ace910222,0.00045845758694536824
ck_30753ffe481a1b8c,0.1653194663472798
ck_c401a26725b17177,0.0005214332810310071
ck_819988d8a7f26415,0.0006231871921587023
ck_3364a1d9261b3638,0.0013630076310318714
ck_c484c5bda389bf20,0.0006618234363805802
ck_ae416325fef92c9d,0.9474637056350065
ck_5517b9a865960542,0.0005390631825391622
ck_a0e96fed380440b2,0.0013168459525604759
ck_e83409471d2b0b44,0.0028978877854004743
ck_127273af97d7827d,0.0007125075995174345
ck_aaa9861c91bd14dd,0.0020787801601851582
ck_a378c58294001a36,0.9296807584279423
ck_abb9d65ff1f95b64,0.08951356902819008
ck_a5ecbefa849ae569,0.005438674023238195
ck_aa9953c0ca2bed7b,0.0007739388201059653
ck_40bc6de252865f32,0.0003292008149131951
ck_9fb11688dcfe1513,0.0022411030797139593
ck_ba68841ca2ba073d,0.003434866235911641
ck_1d3e561a7d20be0a,0.9916230111412073
ck_99a92d710a29c1d0,0.002807228465738054
ck_ede2e887697ffac0,0.0011396357538676466
ck_e6de67c0d82a7b83,0.005647832046878252
ck_6b38763bf5ddbcef,0.008349325032125158
ck_8dd44eead7d765a5,0.0025499382003749977
ck_30bf5b0056eea9e9,0.1569688934674119
ck_2981d16f8a51a8ed,0.006414661076407136
ck_fc60f42c68c7024f,0.018580695597595603
ck_8e2b2251ee224aa4,0.00667704083263556
ck_1906f0dfaf6e9bad,0.5458220982594971
ck_dcbe6814fc4ca0b4,0.023010272167268808
ck_f7e958a286ae3b57,0.00129392625253881
ck_713649668a7ca824,0.008085037004127047
ck_6f73cdbf9305e2ea,0.003413330931568961
ck_dd1c490050cd9051,0.006733879231061787
ck_e30db36e376606f7,0.01091436281896981
ck_740d8fe8028b5a2e,0.002790945391158004
ck_ebbc9418cd41f692,0.0006933987080613538
ck_7b3cc6cc3f250f39,0.017567287586148873
ck_1d30eef7110809e5,0.10487006789189439
ck_77e0589ab339ca66,0.002680610040594538
ck_15ccbf8ff7d14086,0.0032880075394783764
ck_246989b0c288664f,0.002300187130155586
ck_fc2a6e27b10b10e9,0.0007501329199539804
ck_8afc1112c12f5402,0.0013827553647651532
ck_a76e8d83b9141364,0.006794861458842305
ck_51d3e8dd7465c015,0.0009606633386587518
ck_e7b4016909405981,0.0016360695863840765
ck_e7a3cfb9bf908e80,0.005853064234307322
ck_2bb49dc2388cdc1e,0.0013771963386731778
ck_94f4266ee7871345,0.0037377952492550293
ck_b2c896beec146477,0.002082957866286316
ck_fcf5d4a4748cdd53,0.007026344374808687
ck_fd0483639811f62e,0.17676030711205099
ck_9a21d183524734aa,0.040521732261564844
ck_1df4b46c0a4c317d,0.007446273194566033
ck_638df9e8a22dfe0b,0.001136214264173707
ck_65acc43a6dc3e65d,0.0010451913768969004
ck_7c67b73196e3d0d9,0.003712704353170653
ck_b0ee3a98175b462d,0.0015407654120692975
ck_20fad010969f1abf,0.0004136974703679291
ck_54b087bd873af8b8,0.005494338919710178
ck_8007824431fa803b,0.0014249329670879348
ck_23aab322810b9fec,0.005925400338808683
ck_c8001bdb9aafc8a6,0.0005899308375232881
ck_3a34c3ac83cf84b3,0.001627064356612197
ck_60187ac2c473a662,0.9890420454354079
ck_6a0ccd7357979f0f,0.020957737413839203
ck_27f20337bef5ffe0,0.004417324991895623
ck_f9fc468915afe49c,0.005429821668634894
ck_1eabc15a94bd9009,0.009262139690389084
ck_26896c494b2768ef,0.0009107429745821569
ck_348c874eaf0354f4,0.026094652672481164
ck_be9c46acd216b45d,0.01033279080757101
ck_a3cce46d15cc20a2,0.008236462241562145
ck_70804f60d9704128,0.008292308879208938
ck_a019151ca8e7527a,0.006969251847581924
ck_571133b2aa8ead51,0.005145997885649568
ck_0afa4449f20d5196,0.001986995458169474
ck_4d503c41cf4e5034,0.0023073781676817054
ck_d6fb9cc5171e3e9b,0.8749063857954095
ck_05ed92a7c3e10e5d,0.0044310572044142784
ck_bfb067986660afe3,0.017921832151424094
ck_c1a31690c8573226,0.0022522502988638754
ck_cb88ef3dc1f42225,0.0016830688402323438
ck_21e3b3bd998745e5,0.013273083715961172
ck_cf52e46fa54e4540,0.00036558412039149686
ck_b72c7ac4208052ab,0.010534254611246149
ck_e6465c56b337e6c2,0.0016030411159697522
ck_5f87eb05d18186c0,0.010320714846284908
ck_263f6c5ff26b5e98,0.001952808786477295
ck_e0b7e2c0bbe228d9,0.0031871570067175795
ck_b657ae3c146cb7bd,0.0011293463568735008
ck_abac514d8167ea58,0.0043652794619814935
ck_024dcab126876002,0.0031197161594522537
ck_5d8481e2b38bd99d,0.021055596804070126
ck_edf229c17d25dac1,0.10289768222963215
ck_6cb7c97b72d6b5d3,0.0026504605705128257
ck_c96ae2c28086a059,0.0097374012657378
ck_2f241b97c0f8389e,0.0024467883717611983
ck_9158bdbb63ee8987,0.0007984601067288365
ck_e7b40b60786c1530,0.0010638286531947465
ck_66d38518f68e6194,0.00034651805421383506
ck_8c9b57ad2a991416,0.001054593403706303
ck_cc91bd7152d3e9ba,0.003115451075137029
ck_0d846660c7957a88,0.0008772437376934408
ck_60896cdac2212bea,0.009201191957048818
ck_dc4db8b932df49de,0.015425361255081396
ck_2dc31db181150e20,0.001437150039369955
ck_2f138fce1171e277,0.0028795747293849988
ck_68b8b859a6ef505b,0.022007703887170695
ck_c3fe0c6c5e1f40f6,0.0019210306389374609
ck_15886fe84866de92,0.004407330033229
ck_ea269b35406473e8,0.0010863101373622685
ck_3ce7cad1f69b71d6,0.002754273146364774
ck_054ed4288ee58d6e,0.006999766590370838
ck_3d4913a86f207fee,0.025605120442622625
ck_23ff85f9d2355e8d,0.002715982410458558
ck_d87ab3261322216a,0.0006878423904145173
ck_fac046ce336fe39d,0.001978917942785846
ck_beb97e498e6cf8e8,0.014624038031686878
ck_1f517e0ebf397b51,0.0019177841466157606
ck_0af57ebaa45877a1,0.0010466282359409048
ck_f99bc1732ce5e999,0.004012830163778996
ck_abb056a9deab275a,0.0035975041914914703
ck_0bfc394c5faa65cb,0.01963247784842124
ck_ddc865af1dd5670e,0.0030129392114235025
ck_68b5542459638b56,0.006600913539025186
ck_0b1d84252c0b46c2,0.0006710220783012527
ck_520ec32c4f253604,0.006569317065532891
ck_79ffcfee599d77c7,0.003198796977053885
ck_eb224c0fd146253f,0.006706508344142036
ck_0e477084434da450,0.0010693847279327263
ck_07840bba5570785b,0.008498833352964027
ck_6b67fe8e310ab865,0.005022967166703167
ck_e2a1068c2fa22525,0.007328232627772791
ck_b9c6b32f6bd92a3c,0.0029638314024199907
ck_c1e7d1021ae58f00,0.0007799419377071045
ck_5d7801201749ffde,0.0032879532593363715
ck_c8806749e263f70b,0.0005511446165243376
ck_c9eeab826781dc91,0.007296627198592597
ck_309a432c160a17b3,0.001656493061490195
ck_b22e3337b8e3dbb2,0.001220668257845835
ck_79c30169c71b8033,0.9679135368309864
ck_5a6593d954085775,0.0014421205527901573
ck_70b9b79ea1aacba8,0.0031174917686241357
ck_63743141ffa11f45,0.0023246280986015614
ck_dfd3dbd0d97a642b,0.0011669845993332963
ck_635646a661f05b4a,0.0023087804281208745
ck_4b123d6931b6d0d7,0.2523124226095741
ck_f2b0e7a47f442557,0.9280318830643934
ck_1b1df006b81d38ba,0.0009601871107913644
ck_360237c1bd30f4bd,0.003087087123393322
ck_5e84bca0e362da20,0.006859845882045407
ck_142dba210ed2f3b5,0.042974371631904595
ck_a3564236069e3524,0.0513842471230155
ck_cf36d8b070ded782,0.0034920336114797625
ck_ddd6625c5eddad70,0.0007740245903676958
ck_ad54292a0b2f44ef,0.003352729716148765
ck_45cd5ef6b359e9b4,0.0007868196776202072
ck_982c2392238b7be3,0.43799941832559214
ck_083e4ac78685c3bb,0.008174361453164167
ck_729cc0b46cc2e546,0.22877517789386512
ck_f2b8995fe5402759,0.0005854621190246546
ck_73e24f5a8da289b3,0.011908408813167504
ck_bd85f30c36f5998d,0.01122093278552203
ck_ee4ff3aeadf912c1,0.0013561754735295453
ck_63d2978706e193d2,0.010919222987971981
ck_6a0684436a1e66c3,0.6918307847902724
ck_182dc4a2f5a366da,0.00044687310047182316
ck_e6fecb82fc2a82de,0.0010690521128601008
ck_cfb06f07394dfe64,0.0005441215087687594
ck_7bbe1dc8add17ef0,0.0023888765595080023
ck_5cacad76e02c8e3d,0.9059190143643732
ck_ca68dec0c7df5a12,0.0013625264847342237
ck_e4c0fc52c82065d3,0.001781300296761784
ck_f9197b070416f443,0.0010412756388696609
ck_2a07c7021b71cf65,0.0018637256846705795
ck_4fa85cebf707de2c,0.00040819566149929954
ck_0063d2a9507467e5,0.0012311493537490068
ck_ec986285fff05b7d,0.0004040560876131024
ck_279d43303708109b,0.0017623422907809378
ck_a406bf11e48cf8c5,0.039546672329337264
ck_064b2aa3f0bfdb6e,0.0021228870993811825
ck_95790440bc4bd2d0,0.004728966419285024
ck_70066eea13b4c34f,0.0010228077864953586
ck_19468fe07e26f992,0.9146274510136397
ck_86bfe328e0a533b9,0.8148458548373528
ck_ace3b96c977a7560,0.08143006408991346
ck_642344e5c652d8df,0.004101025355658504
ck_074be35c951ae10a,0.002930411510444552
ck_f14dce41036486a3,0.9963747797114317
ck_5cf67a3a747e684d,0.1961869565555461
ck_f7285b92648c1c81,0.000585018780941681
ck_bef3193f124fca5c,0.1885622179086906
ck_05c4dcbb45de1f8d,0.0008803086198343929
ck_d7c28eaa05bb7144,0.003887103417201593
ck_320df984791a1b99,0.000806216860400041
ck_f45bad1606fa00a7,0.0017323578619671618
ck_6f81c199e986d9fc,0.00328423695808851
ck_d0c9633fed57c344,0.003698584172525848
ck_a3c25d6cc7478068,0.013133110082623295
ck_4185506d12cf9fa0,0.0005377260525090982
ck_7a02ee1bfba7353b,0.00996701627153299
ck_1b52590757c0fbeb,0.002558365650708288
ck_a0e5656e1cf9cbf5,0.000637321165646647
ck_ace21f6daef94f6e,0.0003993717787797851
ck_646d8d0834782d6a,0.1517555245304647
ck_1f136a4476b5e775,0.003944324556460863
ck_325c7643cce02da3,0.045371308136556855
ck_9b5e7fe28208f5d1,0.00045086190094290377
ck_05d81b1a150f31c5,0.0011674328353558443
ck_0e9ec486bff403c5,0.004351163891202939
ck_ee13c091bc379188,0.00260103905900728
ck_f7a7f8f5903617c5,0.0008713302306777011
ck_96c3a3517153390e,0.004808408768939522
ck_538dad7f096458ad,0.0007031973621601456
ck_8758fc6622bbb7df,0.008308452559185239
ck_f7e53af3c91fec64,0.008547874159602016
ck_80b50fad7f255e1d,0.0005952488075989042
ck_9645e7adc08631b5,0.017099474249024322
ck_e007aedbf37d6ec7,0.005403484611001334
ck_2951d76c41de2569,0.03375147874158207
ck_9439bff87e616d4a,0.0014782710991724987
ck_a73045e96af0e4fe,0.003664301207464399
ck_7b382e533e2e925a,0.04708046363454395
ck_730226c2d216cacc,0.0012460636445315396
ck_bdf837d761a7cec2,0.11513865478830375
ck_0b34197335ba3341,0.010585149021063667
ck_49170c4b31a20f5c,0.0006843450737449981
ck_cd553ba6589d8bfd,0.002025374919885081
ck_56b992c6f136fa5e,0.007922424072127418
ck_8beae3d7328fa41a,0.006144718947867831
ck_1a065ea906ae3d6a,0.001738115691882614
ck_e9e3381d5e0e5051,0.0016888594356771532
ck_a6d4f998dadc90c2,0.8720987175783054
ck_d36733da917115a6,0.004080051844981459
ck_e738e920bbd74a7d,0.0009094715529174866
ck_af65eb885a51048d,0.000997210540141507
ck_73f4eb09af29b1c0,0.009307687698938102
ck_8fc641b1750a2542,0.009368743222911551
ck_41b954c7a948c060,0.0012955662750424204
ck_25fc3010e8a0f6d7,0.0014871272109035997
ck_a2624e0387974e0e,0.017239844561472994
ck_5cb9d7b2329d5ab6,0.023059420124851442
ck_6c83aa1d100a7cd8,0.018234966832172964
ck_67025c64588abd1e,0.0013348708321576457
ck_f5dde68f6f0468e1,0.0005600315568046433
ck_46bfb2cfc29a6d2e,0.003825628323549982
ck_49dddb894d33f6db,0.019215454970300264
ck_f738b633b8862d18,0.0004016554814172925
ck_3d6c3c00d854f5a4,0.0817435862210916
ck_cdb8061d8d1a6c5f,0.0004773041045413064
ck_5e1b81848718bdc3,0.003433328515030443
ck_8def763034187436,0.006642893144191285
ck_8f8e4fb9c6190272,0.0016852427808210742
ck_368b968b5f33431e,0.0003074416023995788
ck_ba7e347251ea399b,0.0029472074787274586
ck_9075432001a64e75,0.008404105236925332
ck_73c5371635aca173,0.8879854879326878
ck_81793387b38047cc,0.0023123591239443786
ck_0cf220816e320ac5,0.0004005342087715501
ck_820219bb9c761b52,0.32733844377891885
ck_70a932ab39d86a24,0.0003336461453713355
ck_2c4be237a7ed79c7,0.0005637041136801884
ck_acc764b49ef02826,0.1546517918423095
ck_74c3c3452e4e7cce,0.0009981306135769816
ck_34dfb57e5bf31d2f,0.006104074720525203
ck_6ec39903f765956d,0.008819690144524694
ck_5986119e7d81e831,0.004615627514566161
ck_2ddfc948b8eac752,0.3091730872217207
ck_921ff5ceaf40a968,0.005947006436491778
ck_fb3b68b4424b5f92,0.07126101861490337
ck_c3db1b3ad4f16679,0.0025592103068188344
ck_124a197be41687f5,0.002541320069087919
ck_c58d9151834f5bad,0.001334233314856285
ck_389607982eb6b701,0.8165184750516791
ck_fb0c138c003e933a,0.0008117751416017989
ck_50d0bb7edd8c69c0,0.013892640179926533
ck_c6cb651149dc9a8a,0.001051277952253835
ck_81e21354e477eceb,0.006372194267518487
ck_7696e38b3e4197b0,0.002372102173215473
ck_586001d3ed9e7fbc,0.0014469634023546794
ck_bba413492dc46f2a,0.001577125570248657
ck_95b894380ad2702a,0.009215691884221274
ck_277621473369614f,0.9976206737867815
ck_a50621b5eeca84b4,0.0011540239104268389
ck_bfa7ba218b988cde,0.0053118632233414105
ck_5ea89567dfe78e4b,0.007920368014133665
ck_6c679602a6476ab2,0.001965634436556931
ck_d3885e286b3b11d2,0.034431116057339006
ck_cdcf6671b37c9c92,0.012186610898464591
ck_b5c93e6d34f8d366,0.0007507086320963958
ck_c24f61925dc158d5,0.08846181012601383
ck_cd09375e6c81d2c4,0.0027109995182521196
ck_a95afc7a00303a26,0.01682277787806656
ck_8e89ca8b39f3f8ad,0.002251156945824607
ck_9a84b396aada3fa8,0.05468764874619744
ck_5124a2e415384945,0.025512129823902524
ck_d66bb1f063357f99,0.0010749360997167068
ck_0fd9312411b0ac55,0.0018608269075696762
ck_ad8cbe6e27e47ede,0.010519787574845448
ck_8398adeaf41f9cae,0.0027363990274568576
ck_dcf851e7bb5855d0,0.00045093203562151423
ck_9affb0f26776b642,0.0010527083109809201
ck_f0424b3b36bdbef0,0.010517393482226986
ck_66746d1090d6d9e9,0.0003928498396372133
ck_e5f8c8a5824db594,0.006298908098476433
ck_3e91dcc209431984,0.013251477895765347
ck_126a82e8d42e5ce6,0.0008402064947281539
ck_38e4a74ab256e2eb,0.002121513637970451
ck_1225a97fc413a419,0.005858013927349144
ck_9b5ec0f78e160e65,0.0008410703098990051
ck_7c5529bcc079600b,0.0014842784766613704
ck_29640fc2fe81c251,0.0040492762725480545
ck_160e9ba0a3f7c1fd,0.0006728599927657104
ck_bff090cb4ab76b9f,0.0032775185859761865
ck_aa06ed358e43db69,0.014361016966541872
ck_7264486eb512d84a,0.0009339508545547671
ck_f5a32e6160b28379,0.0010667571865751384
ck_4ba8bec14c2217e1,0.002093416668593337
ck_610815786d729d2f,0.002069889584390571
ck_e267999226b6321b,0.0007641438613810043
ck_f3996a3c8eea1ea0,0.005624500045967841
ck_e9b75ed7567a3f23,0.015565232151908628
ck_d21612d48bb4f7b8,0.0032185694488010234
ck_1f871df76c6a995b,0.11812234635374082
ck_953bd5de48ccd70f,0.6991270236073808
ck_02a9104419a6dbaf,0.007811132180717124
ck_1eeeee651e05d535,0.030590051264793767
ck_e2ab04136a442a98,0.0013115457292336163
ck_f0d806624ef3d359,0.0024998578150395114
ck_4b68b38c1b3326a3,0.0037451154466585485
ck_74e60495f8861156,0.0023259512383587903
ck_398f3f4cf05c721b,0.0004963156852904903
ck_f761b7650a0c1a85,0.003601447520372716
ck_7dadef33f5e2d94f,0.990118092747823
ck_6ff6883633b8c7ba,0.0006342067580654186
ck_4d2159603045109e,0.002049154880011245
ck_a38bd07a5fac5c9a,0.0008190186870657924
ck_f517f06551e69507,0.0026016222105222165
ck_a7ea00a1760ad561,0.9971089511264891
ck_31fc51d5a3dfe16a,0.00712086385402334
ck_bac5233623b25ca4,0.0024838559545232435
ck_385188ab27784fe3,0.021082708976305885
ck_9947a323bab5cacd,0.14928992676907968
ck_7973edc9f22ee7b6,0.005259240615859683
ck_f97c477986043755,0.000555769460219727
ck_1a3fd2cc4b4de196,0.0023133885404516582
ck_e18ac29ea62cb435,0.02194718185077351
ck_9720a472a3e0140c,0.0003511181356263494
ck_668c7fc7d7e47c0e,0.011706229759577677
ck_214af0806470ef48,0.0014871218768544709
ck_a46c1773f01f0be7,0.11162908550047292
ck_f2bdcfb4203ffdee,0.013675301734953106
ck_40e84e6ffe788a4c,0.0030916448052999866
ck_dfc6f5712d8d6678,0.014302357394066531
ck_01ef1036b2e66a4b,0.0016459469881651674
ck_3acfec10eec32f9c,0.0020082686735747174
ck_084a85145c15ed77,0.002056114066549391
ck_fcdb4fe2f095fba1,0.3416209043679884
ck_023908db0a193076,0.11090078702817181
ck_fec0ff92fd622253,0.002081271327456271
ck_c009c97d5fafbced,0.07994653823435617
ck_eb9f0c06ee017ee5,0.0038502123722241855
ck_d7792b429620fc24,0.0009779941168949692
ck_5e9e149a3b69c726,0.009352490556122684
ck_ce927322ef8f651c,0.003955952457625626
ck_b8fd61a8e82bce32,0.9723584456197356
ck_9aafc33fba1474cb,0.0004869469474693444
ck_ce81ff9b8b35562f,0.0010929259901628174
ck_25bfca1d8eaa152d,0.005070999383296491
ck_170c65860e2a7e23,0.0018773897921254476
ck_952da7ca9f33decb,0.00134913897524131
ck_1ebd574406235957,0.004623643999039301
ck_589109a188adc2c1,0.0005062506663674223
ck_f0cbd5383bb07778,0.013131712398162635
ck_242521e261148fba,0.0010599313274644233
ck_509cece86a558de4,0.0025817419733414853
ck_0dd7c5925d28755c,0.0013612254699130212
ck_a7e669cf1c3985aa,0.0026302365136391097
ck_acb84dc2351eeb76,0.0005930578617402122
ck_b837c7dac2a9b931,0.013770352647272846
ck_18eb1f9181f95df4,0.0006333803444106125
ck_b0b9047dddb1ec84,0.49923550790378923
ck_43aa136bdb0a2832,0.2436230532794681
ck_3e47f8c56c811700,0.0015162581532922371
ck_77c587d24695ea15,0.011081420687185603
ck_20578ac693ea4e93,0.011061480261290432
ck_b9f6040eebd1605f,0.014184799209051772
ck_ca9d86f65cfdf018,0.002779016395645035
ck_a4fa8833995c716a,0.0017956504835459591
ck_f589f1e29301b5fd,0.0025350988837292364
ck_961ddb8ff55d868e,0.0007265019067388117
ck_5662492a54e6688b,0.009254835457669777
ck_ad48826c1c26eb78,0.12750085000119374
ck_621c9ddde6bf2eca,0.005705947355852464
ck_417a3500b2c717b3,0.0044182056183525815
ck_c7e129058beb3ac1,0.006789828650093015
ck_ec1c902b9b9b9c5f,0.039094826244357186
ck_317360ec0a67d27e,0.012405889036984257
ck_3e3ea5d8c4a229dc,0.01171700059118499
ck_d11d27de7bf0b973,0.21022147626410365
ck_d37d56e931105db0,0.0006889728215222037
ck_4863077723cd6ce1,0.0006827625251244659
ck_479a065d5903e9c3,0.002816553897492135
ck_e66ae4fd586fedea,0.0018495905528147579
ck_192bbfd0d5720134,0.0009498553553644816
ck_3b436cb29af99f3d,0.00144259967108701
ck_7c7ca54969eed187,0.005578300848891287
ck_826ee896c9f1144d,0.10469463291142066
ck_ba1f6dd43fc8a0b1,0.0008542527669996086
ck_49685deb63e4e8f8,0.001394470556931229
ck_687ab5d5554bfa79,0.014744702560654025
ck_41346ccd9242cc8f,0.0005418102429811637
ck_8f8e5e2b9dfec3d1,0.004753705848356442
ck_94d5ce61a0c50465,0.0039104841506523045
ck_6b954c75aad8c012,0.014863855131880979
ck_748af92828c9d288,0.0010520207734624988
ck_dddd14091ce812c2,0.003528791891499767
ck_723323f6870fab59,0.008723511850345138
ck_dbdf8d0708cc6718,0.0008041204212750512
ck_f04938570a154de3,0.0016899885856360057
ck_58afa1550b3b5294,0.0014057032988910592
ck_3b150afde386ecff,0.009807254791939293
ck_666b95e75d99ec4e,0.8672247710750989
ck_e00332597cf1eb24,0.004830422923372554
ck_9a9e3dac79280d7f,0.22042348486252994
ck_e8d37262e859d9a1,0.003376000561773392
ck_895bb39d24bc1c4c,0.005322380111659704
ck_b367449195e36499,0.002159156189839279
ck_d23f9a50d1135ce1,0.007980816699967705
ck_670dc4910cf476c2,0.00032989440401648873
ck_3ecd8a5ce65e21ca,0.0011995493039229559
ck_8584fea2df4c6317,0.025984833412075574
ck_0789ff4562202b20,0.013478830163897296
ck_749e0e50c3907be8,0.0007681490613279618
ck_c3ff6790cc6d7e34,0.0029067876592536518
ck_75fb7e56432ee4b2,0.0029953330745260223
ck_529fc3170fd11abd,0.09716627928785967
ck_34a69b3b4a681796,0.3591443808640459
ck_255f0e5888ae9e23,0.027474521524691917
ck_65be698386474170,0.0009303117749369089
ck_5eec9ed855c26000,0.0012277308316117697
ck_5ab39bdc9610f6f3,0.41069874890233377
ck_1b5b75762f033462,0.0013809640516848419
ck_d3e208671cf37f91,0.909550545858596
ck_5068ee554ceff971,0.010738487598919436
ck_d7d50fb57fcb2d0e,0.0017697669502790673
ck_ba6e1115fceaa067,0.0009703269798467884
ck_d07bfb16a4a7dac0,0.8061169865761696
ck_ead68310311690c8,0.7068652366849543
ck_ee53ce862bc9c111,0.007604662306540101
ck_97e56e6037024dff,0.0009088557846941977
ck_80b04344c98ec072,0.00994462757661287
ck_5954f45a2ab45f43,0.056471016805955135
ck_18ddf7e836256e3b,0.004294907122807313
ck_89a1a780144d808b,0.008704545674806332
ck_a7331e8b808c39aa,0.021319830456969818
ck_a1fd0ad03ff9b776,0.012084295424954978
ck_c0cf50eef030b401,0.0006319416885367826
ck_074f20921189e7d6,0.0005359153666741361
ck_e2aa7be60794593d,0.057215512263802525
ck_72771757dfb7f7a8,0.006602947003848283
ck_a9cd84a6dddfe584,0.014829618083918653
ck_142c00f9f8557504,0.01454061527863464
ck_221b5d40358230f4,0.007736711391033385
ck_a2d7a563f520b7ea,0.0012300723014963203
ck_66cd34bc568d95e0,0.002456572729112136
ck_a17128972d3e507d,0.010734923076648552
ck_bda299466bb2136e,0.0029742554523985616
ck_2b699066665abe8a,0.0028542455359780623
ck_0ac9848bd4ba0c14,0.0007000433345165335
ck_98d2f9a6ba3a3077,0.5724415872486588
ck_a872df31b28a5f7f,0.017698683046613272
ck_7e73e1d44ce82ed9,0.000994140911675702
ck_1a415416f620d49d,0.001538498379851889
ck_c95c786d2f8b8edc,0.0034486855618282965
ck_e45012f22b7f91d5,0.0009571559421054978
ck_aa0b083e2a6813eb,0.015832966678202796
ck_4666232ddbf77756,0.0032769957202563997
ck_e08e9c8ec5f23d8b,0.0013646715066618028
ck_31d4c0518e5f52c6,0.0012421358019991788
ck_c1ab40638f04cb02,0.0023239732899728617
ck_4c1fdd1669c7cf51,0.0006141992868112563
ck_11662cc7940ffc82,0.006551069870598745
ck_2e679af24adedac8,0.0020242521092244106
ck_454b9e21b7f25a4c,0.0007600019630259766
ck_355c4f29089731e8,0.5880237469419431
ck_507e40760a24d2d5,0.0036488261032452045
ck_0943e0f305078e34,0.9934915786434512
ck_abc54ed7111e9ed1,0.0006277997126802016
ck_a60fe02fc04407a9,0.021610732514697077
ck_244b897bb4d57c1f,0.0014292716019396134
ck_8c84fcde93a04334,0.03314320943495268
ck_9eea37d2de633b27,0.001120754156226101
ck_b2cb9e6610eca967,0.0011226750545948062
ck_09aadb4c41b166f1,0.022741933641583337
ck_8d94fbb4828ef326,0.0010772970089704226
ck_089e3a07abbe3b8f,0.0010919544098957918
ck_dfee9de05e3971cf,0.0018217440048091357
ck_6abf8302ce052451,0.024405829713541077
ck_6ffa90143838a4a2,0.0004594063333379
ck_325caeab5c7a9c3a,0.0037836922121738683
ck_1964ee9db929a173,0.8728574185070773
ck_942b95988a6245a6,0.03626905041141846
ck_913ecdeeb8e21a9c,0.0024719449560101593
ck_ecf9794349eb4b3b,0.021409282128135528
ck_b6cb8d6ae828eed1,0.003940580838429889
ck_2f82ea66c4f53b33,0.12846487963208397
ck_6e676daa4855b58f,0.013315924969911212
ck_2a37fef48b44e9c8,0.008871789100988011
ck_3bd12d468fdc2450,0.0005235572463959692
ck_1a28b6a40a6bd3b4,0.012627736531074883
ck_61b79dec96d15713,0.00035349635545727236
ck_31d5e3daced93d3c,0.0028130576727441064
ck_e6c8611c0cf233d7,0.0010748590513989956
ck_f04761b4a937ac3b,0.001785929585180319
ck_38c1c75cf055031b,0.01818316206288334
ck_59a561f3df01441a,0.0036382394612453337
ck_04e40f556a5062ef,0.00489153449897522
ck_8409716d174635b6,0.0025413425592029615
ck_3019afee83342701,0.032954501048551146
ck_b51a58e7f032c9a8,0.014377226221329137
ck_5043e474f848346d,0.0038706907929757428
ck_4388abce33ecd01b,0.26191656357777876
ck_c93def7392f0aff5,0.007949545502571993
ck_72e7b1acc19df820,0.0014203744989227738
ck_f253130dc3ca5b3c,0.0012440168698418632
ck_eb264d1b180d4b4c,0.004466354884000994
ck_c2504f5a113433ee,0.00038631242562431323
ck_c16ab1e4dafb4910,0.14908363824185433
ck_4bc42878fa180991,0.023895080719345266
ck_1c771a7c78f6622c,0.014773616559496409
ck_d523f0e50a2747ad,0.00035808469197298417
ck_9060f4e7ab7a1b0c,0.007380459918428281
ck_6b55ec4e87a5e22c,0.030988661857673933
ck_55fc62a5f89a7251,0.0014896963100956796
ck_bd2545c62f258231,0.011145235843003663
ck_1ccdc69d0bb712b4,0.006222747297135706
ck_710f867a3bd5898c,0.0005953806690713965
ck_f91d48c40337d375,0.002542261005155775
ck_f76d929541ed41dd,0.015342326525465352
ck_e26a6659c237b650,0.01520342562577453
ck_184983177b73dea5,0.0012104893143067414
ck_6d0d081bfa8a0022,0.008992025017988268
ck_2f6e64f638da0f97,0.002426843059124254
ck_15b93103ccd38609,0.0011411817498054974
ck_094d10439b7b4eac,0.00232615660363603
ck_d2ca47180a926ba2,0.010199128757127814
ck_a69ca7b9d70972bb,0.0017747014517083587
ck_68914e67343a7d32,0.0017519496085456306
ck_8176616132458c0f,0.0031772667357587584
ck_eee99af3598311b8,0.006787671377425329
ck_94410eedfca91304,0.009721232630063817
ck_cfb11a0a2325bff5,0.0016361981731004309
ck_75217ee144b715f8,0.0323450483879652
ck_d56fc799542299b8,0.0014223574796799966
ck_4c352dd3e7c81269,0.03532645290235228
ck_e23e50e02cb3904d,0.007917584744358754
ck_b921af37d500e139,0.009224110999429238
ck_82181b935360dcbc,0.8909723305906405
ck_22a7cf3b99c5e5fd,0.0009009271539711898
ck_f67ee7910d532216,0.003014656156407365
ck_5f48762a14a0326f,0.0012873163762771006
ck_1757fcb0e6e3f88e,0.00825772408448745
ck_2c2f080ba185016e,0.009870004144889786
ck_4c25570eb72711b8,0.0010714808111213507
ck_a3be871ca22ac416,0.0033063825268684456
ck_ab70961e7c6695b2,0.003509370492808876
ck_a1cdebfc42a52448,0.0008819881091388605
ck_f1b80b821a20186d,0.011255518878241336
ck_ae668e4564cd2aa1,0.0014642419298674107
ck_0e2bc3a5afa439d8,0.0278941264320898
ck_3dc378f37d0b74b8,0.005107199071654655
ck_9f9555197480d1cd,0.003534381757475553
ck_bf4e7d48770a4a8b,0.027081598064150315
ck_614ef655f0685060,0.0017860042001048677
ck_04d2ea38ee27770f,0.0010681302018707764
ck_e03a9d8ac94161d5,0.0009612579255225677
ck_d4007b5b26d9d854,0.0005008283788887917
ck_2dd147ce6d61749f,0.002501050353677368
ck_ff45764ea7d6619f,0.013634393161376842
ck_dbc487cb0a6c18da,0.9267871150405466
ck_791d5392bbd80447,0.00138905519134821
ck_b4068439c413b150,0.0012393423318555476
ck_85df7b7de9700aba,0.001008312797307668
ck_001e42551cd06e40,0.0016386869399167116
ck_a6c02ae50932cd9d,0.001316649801822869
ck_9fd0be2c018ff5e4,0.0013182290032211904
ck_32a495128395fde5,0.0012891294469752786
ck_b6f2a2fd232c141b,0.003584557637037918
ck_28dde633692904b0,0.03809825963892737
ck_a1a93c5f375f6021,0.0015302859196789688
ck_e3982142336782df,0.01282488509360599
ck_a9812ff3c111ea94,0.006314842825598084
ck_f04062216f95fa00,0.0030104705029051345
ck_7c560467daca735f,0.00024418779812454024
ck_76ee10d6e2dba70f,0.014265584355305136
ck_3521243bdac61178,0.0031595417888913174
ck_28588fb03b320520,0.00767447910748364
ck_580dcec33ec232b8,0.0034252959961597364
ck_7109923fd7dab20a,0.011625123014910286
ck_7c872c99481c1e9e,0.0004692090157894893
ck_46f4e1f5026f4d1b,0.0005066809167804014
ck_00d1ebc31ec4653c,0.0028916157404334404
ck_aac70764dde15168,0.0423181585065041
ck_648c03f9aa4e45f1,0.023766375144837874
ck_5478eb69ef912785,0.14026382461288933
ck_79b8523137bb2603,0.030597929304006156
ck_795c49f312640019,0.00045289901208442156
ck_89184bf7b7fe41cd,0.06090650729697609
ck_97d4bd922996fa10,0.0014760626304357114
ck_1cef30d08f3a598d,0.0003498634094373318
ck_2f9fd36a4a40a6a8,0.0005081626142977586
ck_40780fc0f8d6f309,0.004359547427868507
ck_9083ca9fec2a7f4c,0.001784720497600358
ck_62081bc35aa59931,0.0008087662176255792
ck_2e1b46c5fc56b863,0.01694906220700651
ck_3d139692c51b604a,0.03330302285274413
ck_b5e54e22e3d6960a,0.001118738027986801
ck_c0c4be3f44311b04,0.000667491083441528
ck_82a8bdd2692c2a5e,0.0004127808640464996
ck_bdd2da300b530c5a,0.00398663709553833
ck_ee40498cd97183d3,0.001786065298634696
ck_70b9274473bd6dfe,0.0012083028605089073
ck_473d6314ea614b29,0.0006196151170065927
ck_7443d6dca8cd1352,0.0013924124502245811
ck_3b49768b448b071e,0.006718162678748728
ck_b43f04431c267dea,0.0007839911769884895
ck_4424a5223ba2fe00,0.005576408832599375
ck_819bf3e8231f4081,0.0074452449263213176
ck_91d417507a8c58cb,0.06319203790049015
ck_e88e86b19cada4aa,0.006682154455593526
ck_59684167f9c6bf4c,0.016824379026503716
ck_d5f5b0dc97b9dc27,0.004474880687224159
ck_13d1b192bbff8f32,0.0013609370637625688
ck_b21d8630387cabce,0.0006844423764999963
ck_e4ac22046699b99f,0.001294600019113654
ck_74b848064f2ff45d,0.0017102496175088594
ck_166aa980cc87fa77,0.018587345565229313
ck_98e337806104dd88,0.0014614803999392866
ck_66eb09be007f0755,0.000950084581870809
ck_3ec9b9d8dd7be11c,0.01631244704928552
ck_8b8b9de339d75d0b,0.001721533031569158
ck_6715139e240007d9,0.0011304498779316924
ck_a0255ab46e122d2f,0.0008605822103082177
ck_66e81a4190c33510,0.004017331639110455
ck_5d75ea4f5c9080bc,0.5752129244982362
ck_df69858b8a8b3165,0.0022166434974101603
ck_e15252ebd7553422,0.001270676753560801
ck_34d6d74bb3ed11e5,0.0013538944547089302
ck_c2608f78f6851d10,0.149361207534779
ck_bb99071e8f58c8a4,0.20258889965277826
ck_06010f0df5b7cef8,0.010603003238951686
ck_8c582eb0f6c0148c,0.0035027833797717533
ck_0034d010d28aea78,0.004436303629558538
ck_01c1f06692566ca1,0.001440876467942014
ck_4807726e797fb893,0.005468098582311805
ck_edc9668282e3c8cb,0.0068470835801691336
ck_5486768475af7bb5,0.7829869530660445
ck_3fb9813849e51837,0.0019653039056089093
ck_861af5a9a9a6d619,0.0011437999935241462
ck_da39653add0f1109,0.0005144791083399362
ck_74a4244eb1f162e4,0.0012436718890425278
ck_9a930faade55b8ea,0.0007396961571223371
ck_fb6e06ca88519dcd,0.0007957089401941628
ck_9776cd8263a9f415,0.003529628522598497
ck_b3dd1198ac5aea73,0.002320659552980722
ck_b6675a04df1a4276,0.000784686774630295
ck_5c7ad6e731b69333,0.22666114001953924
ck_28dc0fdbaec00580,0.03623512730386206
ck_8e7a32f7e3905f4e,0.002901512245628525
ck_8563fed6674afc77,0.00123401316879071
ck_9a2fcccb82da663e,0.002965069410016241
ck_6a519bdac0d94527,0.0015822435643828374
ck_a0dab7aa9c4a39a9,0.001426673849649948
ck_a3ce05e9e5e32142,0.0021358895941845364
ck_7a7e40ee3f97c035,0.036870711842903026
ck_9e9a830785112a73,0.004453548270494436
ck_ab1bb02f6b189304,0.30170701285137774
ck_7b8cb0f90fbdc8c6,0.002098336295164301
ck_b138fc249e659e60,0.001944424823468976
ck_e73caa3771ec5e0f,0.0006695230477686646
ck_18a55b06ccccd88b,0.005552435079522319
ck_fdcb1d9265d8fec1,0.046293997714527926
ck_e21a900556b382ad,0.005214281161302167
ck_c6bf67470f526771,0.021661280777175624
ck_b568ba3837afb39a,0.0003884330626502302
ck_a2858979dd5645ef,0.001595984591421092
ck_1da9d40837ebaa57,0.006289349569086928
ck_9341c7959543c542,0.00041227303057455027
ck_c8ad86806b9a2369,0.0059412880102006575
ck_5c85d93ecfed4b0e,0.0008157677927579215
ck_f07b09879d697b82,0.001922919211805775
ck_fe43da07608b1749,0.001221712720954832
ck_4bca22b5926b9c28,0.0005961598038345341
ck_aba573aa942b1d41,0.0010201140602984508
ck_57c14e32fa4683bf,0.0017097660991539554
ck_891530b489ce402b,0.0006004841230499704
ck_5e74fdadb93ff293,0.0032020073768504187
ck_14436a409ebcc90f,0.0024056157087585213
ck_00013fdfa0bd37dd,0.001534787220579182
ck_7dbe24ba01316775,0.03607957380612496
ck_0e3f80c1553c591b,0.0034309932052033264
ck_3edc45db58760d76,0.0017665019694160713
ck_29076a13f539187a,0.1359884530151081
ck_b1e81b58b9a545ce,0.017170878991460043
ck_3f8571d4f7420b2a,0.007032204834192731
ck_7dff6abe4bd644dd,0.7224250279630278
ck_2884bab237af16b7,0.002626158333954771
ck_231e6dd1fe708000,0.002337237503984372
ck_33ecaa7b892e73df,0.0016685769428928748
ck_b109ec4c63503030,0.0008836035060925138
ck_a7f522382509cef1,0.0005976230442919934
ck_748b3ea941d8b3b9,0.0018345337915339067
ck_29f3a1737a2d9634,0.0015060150799051039
ck_cee8d42475a0f020,0.0016330057336847164
ck_c6b6ebe145a8ffab,0.0011719867287382
ck_21c99e1d6b881894,0.0005503913071272344
ck_5ad798286384484e,0.007645098973320532
ck_b621b6ffcc7f4848,0.0008631082066080567
ck_ea819e337233475c,0.3916352143532916
ck_9e3896c2668ce06b,0.004097978676422521
ck_501dcf1ead036d2b,0.00142531497739856
ck_8d5eda29a2cffa3c,0.0023965020480821927
ck_4d3aa36ff83f1132,0.46062758897620076
ck_8e9faf94e3e6c757,0.0005869196237279475
ck_ce0ec41f96951048,0.015174166849923554
ck_f09165d73ee903b1,0.0016201920207154397
ck_a432b1bf1d3b3d5e,0.3816861327904335
ck_ea618f720ff0b4b0,0.0007410134914366775
ck_7584e7bd755cb28a,0.0020492718857023948
ck_e14681aad43e1a72,0.010178865193487523
ck_5e18870d8e30e379,0.013234129268229282
ck_ff7c26a62bda8089,0.0009903494621286315
ck_cc5a35175d381d5a,0.0015441356291934342
ck_3c25029e40aa8a84,0.004131350937580762
ck_771247b5bc16c12a,0.00033878468659547575
ck_664b5e02759f985a,0.0006412796905157813
ck_692a9e8f504b9762,0.00086082296780725
ck_df8ad2deb0a4ffed,0.004792773774803301
ck_eb48c0bcd12ea654,0.004847979077202213
ck_7c77e597c951cdad,0.004949152083109748
ck_4f75144c6f3b13ad,0.0020624272975810812
ck_1bcff399166d7c43,0.002011002068604187
ck_975c2aa3d4a8c51a,0.0014392309706395298
ck_bc6f07b06aaa4ce3,0.6521469132783153
ck_80b072b7f3c7e8e5,0.0011097476348658607
ck_471e4018a23b4e56,0.0011327129624392784
ck_53cddfba570b4a3b,0.0045215797521757665
ck_630530e50764f229,0.002771531046723085
ck_dcef7887a4f1e435,0.005592119228878611
ck_2795921a055643f6,0.0016726616747035547
ck_7456df89f3792235,0.001538123955668654
ck_5014a3b07e1f049f,0.32737363075630804
ck_d4ec44760cbe03f4,0.0017142005706498845
ck_96810ad39d4cb7b0,0.01319837469023083
ck_3222ea25aa29bfa6,0.0006814515313363726
ck_f6c42001b84a10cb,0.09552535143557687
ck_5ac86682385c86b8,0.007283940336053942
ck_4280c33af57eb4f4,0.00028989364482609025
ck_05f79ddd8eefaa56,0.013857941765547005
ck_3a57a13ce032a6fe,0.0010913436267573945
ck_a721f0d635fad68a,0.0017152868076514987
ck_a3f821bdf408c326,0.0018218625138233312
ck_0ada63008be5685a,0.0072570233807201
ck_8c949bdc6e8720fa,0.020916527345640885
ck_c0d2c56f9c722e99,0.9873405765937191
ck_5d2b9e6e087b8dfc,0.9980500020686799
ck_5217b55593a332ca,0.016300315148944075
ck_7a7bb9be5a7e48ad,0.0035152783305359503
ck_24cd0d779e866287,0.0014731375979607903
ck_7367917891a63771,0.004944837350885589
ck_4b31a8862a857e6e,0.9654831266482705
ck_81429c4910ca46cd,0.0007327099537046561
ck_b35d803568f82d9a,0.001431938647280345
ck_4b00e75c2d2d0522,0.0004773617497810105
ck_77fced07f6dff42b,0.009106776718986357
ck_3c9a06eb07c300e4,0.0006672551732446834
ck_b3867f7f494db64c,0.00041396493746744293
ck_0c45e54897ab34e2,0.018073957366263386
ck_507a6a580ab55c76,0.0028666674222459715
ck_291bffc7809f896a,0.0004007482999636865
ck_3753cc5b9d02e2fd,0.00042768650746634356
ck_4f63d5245b3ac1dd,0.0024402680219676423
ck_9dfb2ae78659240a,0.0018406843525225788
ck_90f6f5ced708aa75,0.0003864985362803652
ck_8b5b5a6b5539e39b,0.8481573252997705
ck_4719112b55d20161,0.002024020538214532
ck_fec888a7108ca52d,0.9921981479874479
ck_4f5d022c99f118b7,0.00790442499604468
ck_e967ff05514b697b,0.006838114498162811
ck_839ce35819bfa4fc,0.0011142200403595254
ck_bdee1221b9addff8,0.002239519802161325
ck_9cde4036d0914427,0.0063524459705819065
ck_5ac959cbcc5e98f3,0.0011100337828512542
ck_619842688294dabc,0.0036766933326241123
ck_7373d7b04c7799bd,0.004351580252894842
ck_c1dd3feb9a0b6471,0.0033466186675544783
ck_0324a4812ec319c6,0.002276993532749951
ck_7f3685aa2933b251,0.04872740421218834
ck_06aee5a62a67a84c,0.034908388383393066
ck_3428910b44b9d08f,0.056643413965286396
ck_c3ba7534cefc1de8,0.014327298752653398
ck_1f1273a67cbad5e5,0.8460721276974036
ck_124565a11b2f8bb8,0.0013239377312998985
ck_38e46bc861e0165b,0.005908272579489049
ck_c8ad3f01319c065e,0.17740245621214065
ck_3f94a34f5038f7c1,0.9042119868931816
ck_cee56be5a502fbd1,0.13307305953255139
ck_2b90b76cf4d162f9,0.008277398064392072
ck_884b2e463ff1d54f,0.0005425740740334186
ck_fab4f2f8531b4827,0.00346643052785367
ck_4fc6256e0e60a926,0.003063309358585482
ck_0a2f8b2f8a5b6f02,0.023451658419691844
ck_9c0deab8a8367c5e,0.0006319617591565586
ck_d3a2a4c011fa2554,0.0018247211881482466
ck_4108b4038f762817,0.026522323892579018
ck_4df036e2aa7e1056,0.0015898451250005738
ck_ec094eb1cbb3efc5,0.0005720455399933839
ck_09f8f51bfd2492c6,0.004516745473841889
ck_b60fb9a10d6f4489,0.0017597729454120786
ck_3638bc3388dbc1bc,0.0238444927252628
ck_7a58e0cc9943c39a,0.0007227781397914677
ck_37dab6a0a536ed49,0.015500238982190526
ck_adc576690df5b33b,0.005963215180685912
ck_1383b2b1875000f2,0.0027499717469879974
ck_43c1248db37a2eb0,0.0003866408289272059
ck_29c11bd68858e923,0.00039145818634235725
ck_9401f9e11f65337d,0.007018133922997006
ck_ce5ed372b1a2ed6b,0.012109643406949406
ck_08b4619490e751a8,0.8524790655097955
ck_44b9125526acb05d,0.012372001238304913
ck_ef1a1de20d2124cb,0.0016807112980774669
ck_e5e2624b7fc89774,0.027596882711851355
ck_f5100511609b92c0,0.00044631217352458216
ck_64f3bb17101b7c42,0.0008064020804734056
ck_ea1e5b5128ecba2c,0.00041654886502764894
ck_516163fcf04d5e77,0.002959902149428122
ck_7f9a748110d70005,0.0022719767101317227
ck_d263b55f0a681cce,0.004559462764130105
ck_0e962eacf98a813e,0.0015117373216760202
ck_0406931800e0e2e6,0.005262403411263554
ck_0e9b982afc88a3a9,0.9902194638668702
ck_8bbb625384edebd7,0.0004498860329931177
ck_5eaeb87bf6207406,0.8888779283217284
ck_cc3318839c4b0745,0.0006854343344206269
ck_08a0355d1f1890ef,0.00522326254435317
ck_af7ffd1a822460d3,0.13233828496851166
ck_2a09c7aa870edb6b,0.0009020176266259632
ck_bc04f51c23290bcc,0.001181845167696789
ck_d3a8333cb389f4c6,0.002234989411530097
ck_88e3dd3039508332,0.0048481455305243145
ck_b8c7771de9b57705,0.002243090712609931
ck_585ababa02383b50,0.0017940442014377708
ck_e988c108754cee9c,0.005826854219791915
ck_4a691892d9d6cf89,0.003662788442141625
ck_7cdce37d895eefb8,0.001624556266128968
ck_483fb981a1fb4317,0.000611122066077791
ck_c1e5182bd99e0e35,0.1748838212007201
ck_9a1e3ec9a1839939,0.0009634266898132672
ck_5c3f13de0dbd5086,0.0008492153327409506
ck_f4f6f0caaab70040,0.0005036171871838008
ck_791be3378dd7d64c,0.002158332422819708
ck_956dd784525f5886,0.0031599848014146705
ck_098167eaf124c279,0.004452797827664999
ck_33ecff7914349ebc,0.0015868364236207918
ck_e05d44e46c7174e6,0.0060838660061860225
ck_1b2ce474fa6582b4,0.004724503446364467
ck_ab581082e8f72e3d,0.0011211114617986947
ck_e63256667aa19070,0.011376626473485677
ck_f568772b6cb3febe,0.001056125047651416
ck_dd89a282375bbab6,0.045545129188245374
ck_a39d0bca345b492d,0.00195238240750885
ck_d12d2924d0f7a64a,0.003615482593108872
ck_6a548da1728b5823,0.9941939513236756
ck_6d64193681d2a94f,0.006284837622052577
ck_ced6b6dcdc7c201a,0.0007655299218884222
ck_d1b0699d26282871,0.023407523956257358
ck_58f757e40a9b8877,0.006073572582406929
ck_3272c2c4a37d5220,0.5876792315115145
ck_d94dfde9e03c9d1a,0.0035974084329164556
ck_08a6d4903a7fbaca,0.0036433695980554385
ck_6c72a36b05fa0f4c,0.007698743170501381
ck_dbb4bd4eda97255d,0.001828722437708145
ck_94b59bbc824b307a,0.001663698330569605
ck_0229a07185f15469,0.0023964738807675853
ck_11bf1039f8b3025b,0.0032384969753712946
ck_36789ca11459131e,0.01405658123185515
ck_8572c5f5c1447c62,0.0021248792587042313
ck_9e75c6641939f4fc,0.025368734981833927
ck_b45e47c39d4dc7bf,0.0058798749569981415
ck_02903c48b6cfd65d,0.0017839703834245121
ck_b153386f1729de81,0.0007993754339208278
ck_36979996f33498f7,0.7623826452776385
ck_3c02d4dbbf6716b6,0.003818308266713139
ck_66c9a19963957531,0.01681659136729777
ck_bae8dae7cfd8baba,0.0004023647630221788
ck_bba0ccc6cd968680,0.005998496593665999
ck_3267fe3aac05c71e,0.0015341206244307173
ck_40052cac10562cde,0.002419962156198997
ck_d973444855403e2a,0.0008219594640722828
ck_012519bb095ad36b,0.99663652969215
ck_ad7c256ea10c4a00,0.04536132313002045
ck_70a60e095e9b706f,0.00031250351412273917
ck_f2734417c0db4ee3,0.017413605475024893
ck_9cb89cc3178e0172,0.004338019304417797
ck_779cc0f2de4d5488,0.11943307937852451
ck_35f8656bf93e3b3d,0.005789920770094735
ck_bdd8eba728800e29,0.0380244833607872
ck_002cf760d173f0f8,0.0026094178610983057
ck_b046067c6ca3831e,0.0009522206255210931
ck_a4a42d4bff8af645,0.0014581529096143898
ck_bce253d2396681a1,0.0042007230758385
ck_00dafc060c8de32a,0.0025432680675822024
ck_968a99e097ee78c9,0.05429177366566877
ck_66949171b387bb93,0.004463438707234741
ck_ad305286702b1958,0.0006976261326852915
ck_4732da7e0d2dfc7c,0.001031626439952944
ck_17a95bba77217d85,0.02108438546247174
ck_3e2516a3e35067e0,0.0013231219794738898
ck_0b615ed566da1f58,0.004172485377472987
ck_d2b3ce1ebabe9f93,0.004753627611868583
ck_a892252e4e0c2828,0.0007900289797870889
ck_cf606fd6ebfdf9bc,0.0021965815262741696
ck_718865237134ebe8,0.000940024716022534
ck_878522cb775b904c,0.017508798493186643
ck_9ed53de6ef779ae0,0.0003642270547046492
ck_3f16e2cd7e6874cc,0.002382224671165753
ck_3c59df37895ead2d,0.0029523679576436805
ck_6821459b626d492c,0.001454419315982088
ck_11c7667920541587,0.0018498384166905169
ck_23a016cf6b98d89c,0.12807215833838292
ck_7137eeb394d200f1,0.02413542714800541
ck_9c4886c5c90ddbdc,0.0008655751011869783
ck_1422a7bf7756294d,0.9527224369598601
ck_7ebc5fa7f0d3b8f2,0.00798934635374077
ck_fcc2059a8d5c41fa,0.07225603046185657
ck_00ff7389d6a83e29,0.03096843843418448
ck_03129b41457795d2,0.0025521353637220773
ck_38ba64efa7c38250,0.005433027993546638
ck_57a6b56b09bff24e,0.0037030061533804472
ck_e3b3c5a80a567418,0.0010138231930545622
ck_fc40a16adfced018,0.0018823887290140675
ck_9d4b5e6b43bad4d8,0.0070120290670610975
ck_61129937ee466b49,0.011502080228691635
ck_74112e47b8629c2a,0.005745007207848604
ck_b4703ee97f94d7fb,0.0006112716732396238
ck_e560f720a988d8a2,0.2757166915331236
ck_708fea345f68037e,0.0014692789236600415
ck_25394c1b83e0b803,0.004161758708795119
ck_17ab24fe914ae44b,0.00080831180116653
ck_16c501470d9bb006,0.0014521423197198652
ck_628f449e248c19b7,0.02186277272289455
ck_6d64190623dea714,0.0005918910254734703
ck_504a45ee08db72b6,0.0009970854300972094
ck_6cbb011e0c70bc7c,0.00033088360080778354
ck_b3225a98acd04f83,0.0003140010597942313
ck_aa37993f1c17cd1e,0.00603899592201163
ck_558cfe5f77a55a9d,0.0007436051539369173
ck_0d0a1a021efea5b6,0.007002067033886087
ck_daf7aea023b7a8f6,0.010826806779615403
ck_d75f25184ece2b51,0.001947188584204512
ck_466d4b5366c50b98,0.001192685283977268
ck_88f27ab479063852,0.044551895531951144
ck_66779098e78c1760,0.0023321009767716173
ck_b150fe4efb449b05,0.0011505389177671362
ck_9c3aa9f23d01fa1c,0.002684709716292682
ck_6a01c375fc26705a,0.0007451223779358681
ck_002eb6552b504ea1,0.004982253116177883
ck_affa5aa0bff9bb0c,0.007790855915039038
ck_027614eeba8b1a4b,0.0025912322880253945
ck_67e075c982add719,0.0018051407786533063
ck_399b0d510be98bd2,0.003030957133367564
ck_e9b0bca7368555ef,0.0021696069488635742
ck_59c29d9c57b4f994,0.01731722331193963
ck_37176850ed68831e,0.002455558416705093
ck_a0db4ccca08030c3,0.45883872835977585
ck_aa188e5c25f7f42a,0.002677035844544648
ck_7de6997178207800,0.00044479179573309486
ck_c729d19053387be9,0.015852882053094278
ck_f2d3e3d90608596d,0.17864725293548006
ck_2db3fb565e0211ee,0.0007257285274241787
ck_bed8a480e27e911e,0.0069185378578033325
ck_d7ad9921a4d25926,0.008172312480321011
ck_2a59f23fc5194699,0.02741163686156652
ck_63601a58a6120d8a,0.010156769305081595
ck_efd7b9e22c6317d6,0.004869028522358311
ck_9ab42875a0f95b43,0.016701115418832096
ck_85cb5033fca7c846,0.023328795685420928
ck_5249b223000915ec,0.005800453571953747
ck_3efb0e9bf25612c7,0.000753405898800403
ck_678e74532ac19700,0.001025142871494172
ck_a980b296c95153f9,0.0018509491871417515
ck_01ac687ce0d696a7,0.0019593474069713574
ck_52e1418cf1aa9871,0.0020113020581259615
ck_7d28da4f1dab09ee,0.008826178711273697
ck_010d0c2e6c1657fd,0.03026590655495824
ck_b524f7a2e752b9d0,0.0044654330912807655
ck_cc447fcc24a0772b,0.058958504131685074
ck_2cb3c99845e572da,0.0003362388690852034
ck_604c710141327a81,0.00042400982645116004
ck_8d5fa65717d2e0c6,0.005064230966164257
ck_31199510b40602a1,0.0008988880683661926
ck_49e253ea12f4e922,0.015436882750464231
ck_780738e0d71e7e43,0.0005569381882583353
ck_2cd21137a07fdd7d,0.00040945338602086783
ck_5e021f2a3b66e256,0.003189955507721238
ck_efbc79246e32c66a,0.012189182302991904
ck_9951bd806c13c7fd,0.010446186856553132
ck_7a52674e2806d8f5,0.009574951102832968
ck_1a319e509f1efa1a,0.00044885633604413303
ck_c920901b9a4ba993,0.7835097076033422
ck_b71279e807d0b3a7,0.0033764822882302267
ck_47e1032f490bb018,0.004908251087760425
ck_192579ecdca7ff83,0.0021999469148553086
ck_b1496c474c4a3239,0.0009658906358760139
ck_5e68ea2c5e893cf0,0.02206948838007904
ck_f2ecab85d4693b4e,0.019348046671409123
ck_89d7bfc81c3df597,0.006312506271252072
ck_7929284327667791,0.01596340633274928
ck_494ec63c5ce8e150,0.001097253993496128
ck_319b059bb2145586,0.01851291013774069
ck_ccb3767c239018c1,0.0007046158382382503
ck_a1c7adfe26e09a8c,0.001954837464925812
ck_0e13c4f73818149b,0.0017932925638952171
ck_c285a51ed6214f52,0.0068713291366218395
ck_916784595f028226,0.027735389613953016
ck_6cd8e0196365c474,0.002695610569873137
ck_57b657aba4daffde,0.05351165971468267
ck_562c76a3753fc7da,0.7705455969362056
ck_66cfc1ebc9a513c8,0.0015438043899689796
ck_0f38d4aed68d7d24,0.002642963914042498
ck_d8ddf5e99f7859e4,0.0011033606305794227
ck_41bc3efa0fca700e,0.023647778429214013
ck_40799e129fcf42c5,0.22013692575767824
ck_786f079389126e44,0.005893404955082081
ck_bb4c6b713eb0b978,0.028754924708461756
ck_4f01f7eac0efaba5,0.006491115842109145
ck_47d29c01b20cf69f,0.0022571600682827478
ck_bf15a1f8d67a30d3,0.001274058969759713
ck_bfecad7586f65e4d,0.0022646079294963437
ck_fc9f16df35190eb4,0.07639863080365723
ck_c09c914e416edd08,0.0022132520968378287
ck_c54c5d8e4433b0f2,0.0007320481230148607
ck_1694c28f44480e98,0.0018641908797757951
ck_1dcaa3078dbb7571,0.0011041670192002801
ck_af559f990c640e41,0.003176641176990599
ck_9b436162039a77d0,0.027831539050808898
ck_79d62ef181bd0cd8,0.003033294589475791
ck_23caafc2cd34242c,0.0017355743194333868
ck_ffe2aa26f597e552,0.0021042258566705183
ck_e6ffd0754ac08661,0.0007079681962090863
ck_beaacb4a783db21f,0.0005258505109567014
ck_9863bff41d24ce9b,0.0009506519219643834
ck_323b9cc5c49f8ea0,0.1543755715283562
ck_ab3de3d3e41c2082,0.0016040832382907164
ck_35c93b2924900376,0.000647132975300134
ck_5a9d5f9901e37e31,0.0044180307198961434
ck_782b0be796164335,0.0018975741643026487
ck_11960b5f1c7a5e2c,0.0003585130356942983
ck_9a66cb13a9884cc2,0.002473357711707259
ck_ba666a425930615a,0.0004947412428834931
ck_40140bef4db73741,0.002369744179534305
ck_e05e91cc180063d4,0.05787149328126112
ck_c7f6f45710bc050f,0.0010637993306344192
ck_055fb9f2e1c8c934,0.014835355976906646
ck_58bb02d98e2b9cd5,0.003138977456000226
ck_d9f8efa6a7800f76,0.0010566676675678234
ck_69691226c68fd50b,0.1049414560450495
ck_6f2f0396e5b1c538,0.9596029806444376
ck_78bc3f1d0f35ea6c,0.0025136701239107857
ck_2d5a6b6636a2596b,0.002145881576794995
ck_7878545739af0a73,0.00028175136590801147
ck_03c4fa4f3ed3512e,0.0009423136455935725
ck_1a9e51d092d62c84,0.4773198412141039
ck_9f3861940d8d873c,0.043803947614110834
ck_4684fdd61c6a0fac,0.010434845790309129
ck_715966f86d5c913d,0.0007479542931576365
ck_77f293d44b4a3d2e,0.012019777399832766
ck_24dae044dc05f849,0.005198863917770223
ck_00b9818e2064405e,0.04636619926424998
ck_c1c2cb49c3c1b0f5,0.2324496645688708
ck_bed50fc64fbbf8ec,0.0019257505511693564
ck_4f6ed5ea5ab7c429,0.001521625371151279
ck_458531c22ec2f9b3,0.0044837599366776126
ck_51c50c4c443df31a,0.6104299814263905
ck_732d45bd578dc39d,0.003424304892091014
ck_783fe5bc20cd02db,0.008892369973192888
ck_7f188aaa63d1d442,0.0013008114999769076
ck_ef307a6aee38d1fe,0.6946782227703645
ck_e37196b20968b73c,0.024751426333846
ck_4ef9de711c3d93b1,0.005212553884223067
ck_17946516d5df71d7,0.001822204737842412
ck_3534be0f4efd313c,0.011294825131527462
ck_29fbabf855cabdff,0.002459568685607282
ck_191673540d8486af,0.008686329962689296
ck_5f52728d777ff2c5,0.0009385244248881529
ck_a045a19369016818,0.9969493743300128
ck_4eadbe7298b15e96,0.002758332905982492
ck_a3a0bd59729fe619,0.005952499012144845
ck_a1e77090b1c6ccf4,0.0027847510776791776
ck_69ab9d4784eb77bd,0.0031638484274932373
ck_baa47383ffd50f04,0.0010733626119476506
ck_e35b2ed08b9e55a7,0.0019020471287996947
ck_b6e3af0a5119d9a0,0.0057199461285886224
ck_a7c1dabf3869772f,0.02534571356301038
ck_80b8fca67a14e0be,0.6856657114454594
ck_dd9c5f0c42878e67,0.0017919203229440307
ck_41ef7967faf5ce82,0.00023519680038478977
ck_a93560aa348d6225,0.03642717125471649
ck_ffe91d6f0bd93fc6,0.03762245980028563
ck_fbf630c960194033,0.002019879176457129
ck_497ed60723283c0b,0.007411667832536606
ck_2a46b7ca55239413,0.0007555898725601915
ck_1a4e5ace078dd782,0.002458127454234197
ck_616cc31910f5de50,0.004655666604536048
ck_0d65bc749eb42710,0.0031589687666041745
ck_2408db62e4395ccd,0.001554260671040007
ck_5d7721930106dce8,0.0049670695475388755
ck_e8a6acea22b20312,0.033807460118729524
ck_e2f792fae128b18e,0.04798705388584183
ck_e6d3ce445b86003f,0.0004892367610420901
ck_263334d722ecbc97,0.37287918011287496
ck_8c5b29f6666d4874,0.027608998577038107
ck_7ea0bf310fc20c7b,0.55245702113969
ck_54d463f7fd89ec3d,0.014438616320473335
ck_79e45040dbdd6447,0.004995013496713415
ck_60b4d59953505682,0.8304326441510054
ck_fb00dd5021642507,0.003948666510669542
ck_f409ff994a210601,0.00299220423882896
ck_2ca0020038bfec58,0.08753690740342385
ck_adf84b9df54c3d80,0.006931388547707128
ck_942dbf632591b65d,0.004235986603176213
ck_454a7e4d859a3409,0.0011093937729150856
ck_2139062d4569aa07,0.002369552197281107
ck_e949a0f4df0b3902,0.008983253449332604
ck_bb113e3e6716ed65,0.0018433644848858948
ck_6a28ea6ce69cb869,0.04152762357470353
ck_7df9910af2bba21b,0.0017366244179770683
ck_78aa4b731cbfe251,0.0032021963835146363
ck_5839f5cbd8165b1e,0.00146102484786066
ck_7158ad9e58769ffa,0.02087164131741322
ck_acee218cbe61df69,0.008571110558977618
ck_f8dc8473c2772729,0.012724512121787051
ck_f34c93a8173555b1,0.012989331866816825
ck_7cf301d075e4e709,0.004957694518252044
ck_b87e88ee5512ea17,0.0005613709999132425
ck_bed0c020b10afa3b,0.0024240325990154236
ck_ca10102961f99eb4,0.0005058644444634384
ck_393287947b5c8d79,0.0018502842081544798
ck_2fe6cac002142f67,0.018566702758078715
ck_79c7f0d29b1db1cd,0.004255827415156121
ck_c735b643d3cbf67b,0.0009052084325772428
ck_ea4332c8fe48e2a3,0.0007892173459110493
ck_d39864119cdd460f,0.0017667292284862057
ck_3b963d6be2773861,0.0011985459717868744
ck_df39e3b8a9fd0bfd,0.4311857597110894
ck_6236a461dc0d11a3,0.0023849041332654024
ck_475ebccca25e30d1,0.002943272378176787
ck_c10c8bcf5bcd516e,0.03280408401848603
ck_49ccc3716a564256,0.0004516329765238698
ck_4e4f99102f6938cf,0.002937069593879526
ck_a97b481ade6f7972,0.011277377546144322
ck_3fa559c679751b3a,0.01944933906729444
ck_3eba1fd2c7acc4c0,0.09492296112537837
ck_18c179b4afc4fccc,0.0027246714002667604
ck_cc1c0b93d05b7d20,0.029136671234239422
ck_742f7c28ddd019e8,0.016247264108444896
ck_04470bc93b8a0d71,0.0011881438664094093
ck_6e8f8ef7a03cc6bf,0.00483429517995197
ck_eb1ddfc353b4da83,0.00045736848177512326
ck_98831b57c7ca2e4f,0.0005334632024041606
ck_a6c7b8d6e8596d4f,0.04037813756355065
ck_cd7d24e3b095e96e,0.017159927824142867
ck_3f5ae4673a9f858e,0.0011354962057471205
ck_05f375fc8ae0afb0,0.0015355899077141293
ck_1fc98436281ee39e,0.000550447867349327
ck_6c48c58678f64bae,0.0007667460634654984
ck_8c95aeec6a4c75b0,0.0007573116060279435
ck_364cde38958b7af3,0.1285039401484823
ck_85bf21aa1a00452f,0.0007295044397599596
ck_796d3eaabc667c23,0.9983840323979988
ck_ac449ee0c315edde,0.0011693249414710398
ck_6f9fd15ac6b163de,0.0006676722244321243
ck_4087065be2a45ad7,0.09798813457644809
ck_ecf006bbc78ee3eb,0.35042041662365425
ck_8ca808cc5a49cb5c,0.0019063130284689333
ck_94b90ab8b2dfb50f,0.011866614156394343
ck_59fd11b3232de9dc,0.8753878439594587
ck_67f3794d93e2dd67,0.06446874685623628
ck_b7f5acf5df1bb13e,0.0028067442257913
ck_fb04ecbaebb774bd,0.0008181249351407358
ck_68ef3e7301c621b7,0.0011665808565303431
ck_41406cfa209b6bda,0.0017959951093615544
ck_b0f8f5408662337b,0.0007369253935838156
ck_0d2901bfe585c391,0.0457948208424117
ck_3398551e81dbf3db,0.014986712157726215
ck_61c3e3e277629646,0.00188960459809028
ck_2825e34dd3e7ea2a,0.0013571870319427498
ck_20d7571ba830009d,0.007455517216582828
ck_c98b16f9a72a6568,0.0005429282062422136
ck_e7c8a9e4641eb9ed,0.000641570521387615
ck_254a7c97c36dab8d,0.002229706247471218
ck_e98429675b46272b,0.0009264563688962964
ck_c2fc0ac460786d02,0.034733395809420836
ck_fba15647b3a140d9,0.0022516528993541175
ck_15ce50f2704227be,0.003014153817476147
ck_8c748aaa4a4554f9,0.0011118845007693319
ck_e00e82a9419ff086,0.004870583385525178
ck_832341c98254bd84,0.004180466420180861
ck_27466468d06db4eb,0.04314487316299165
ck_9d7b9e3ff1f3e71e,0.0030827683278856085
ck_42c6973d3a6fe983,0.0011988242369874661
ck_877c85bad118bc62,0.021454373509791437
ck_75d2a2715259c4d7,0.013833494795128062
ck_37d3e5c681a2214d,0.2590942834899684
ck_bf285dd49f372de4,0.006725330618691426
ck_a5bdd026fa9c50fd,0.004113971841578294
ck_88d9244a9cf7a77e,0.49255246396743335
ck_5881b174e49b04ee,0.0008077269630420438
ck_5b16d67c5ea89930,0.002730608508181349
ck_b75b936aafac56b9,0.001965165475452815
ck_aed2681e1646a0df,0.024837339120357144
ck_f63cb5e8cc702bad,0.003259904898308936
ck_1805fcfc4a9e4ffa,0.8526590754426385
ck_25c355da356c730d,0.013017170281357914
ck_70396398e4a96449,0.000402088449273164
ck_0f743bd13373748e,0.014069495258476875
ck_4b387765f0e916cd,0.00031321494218038555
ck_e971faae8a10a260,0.0010661560268892124
ck_9eb08369e983abfa,0.0006589023908145104
ck_c30c5844512e429f,0.009117307813104434
ck_59e77e3a81f1fa0d,0.004031623364236208
ck_ca4465f2b5c1a52e,0.9889115720331344
ck_c89b9ca398402f1e,0.0017383529953391406
ck_36e72ef9273e7a95,0.0007251674621107249
ck_2bdd8616870e5e1c,0.0024691673247657178
ck_216e87a41de22b5d,0.06833516906655276
ck_60f4fb44f5efe3a0,0.0005847337512934108
ck_05652e8ace6ce6cb,0.0009650992405699199
ck_8c136dc691e65695,0.0005542887365476987
ck_a08f8dfadbdca112,0.0006485053118944146
ck_bda4041a3e90d860,0.001556532129959078
ck_15dd3ecaa8ce0245,0.7858153623538671
ck_3e3c64b3b7876ce6,0.013171177022375595
ck_46225858a38b2e57,0.0015980399649637592
ck_0cb9f54928f4feee,0.0013041992480018834
ck_152671fbf8a9a78e,0.010441141993777731
ck_ee7a515e87d17d4e,0.0038020515404736666
ck_f7276091bf513d22,0.0006184755195931476
ck_4f05daf1cf0d5755,0.0010311325636749638
ck_83a69c4a5d55ef19,0.003443861656246277
ck_c50fed2a7c9198c0,0.003760265077424687
ck_70d19d5650ddc8f5,0.006093085388403128
ck_4b4d99e443618904,0.0026800310556167385
ck_dca0b6ca93311ca2,0.027970670245960935
ck_b7431d4706461ec6,0.0011737131502512622
ck_7b59d22cadef3b05,0.09158027408617331
ck_53428573abcd606f,0.0041003552017835464
ck_f538ab6aecf2adfd,0.0007577973019521563
ck_d321249fb065d2fa,0.005379857285336349
ck_72fdfc7e6d8e1436,0.0005459127846641426
ck_b52b99dad89ecdfb,0.00196262688478014
ck_d2d4282f9d256b3e,0.0025210411355621417
ck_c8f2a1dd8a6141a4,0.000544286224272056
ck_8d38747058d0aeea,0.38972552571979496
ck_3ac528caac74f563,0.008298138757737803
ck_8dbaaa00ad829ca9,0.0029341213785317954
ck_7c38ec898f0fc21d,0.0009749442775837077
ck_8171ef803f5ff604,0.0047527254602289315
ck_01a750db6fc1168a,0.017586203180299482
ck_ceb017baa26e98c8,0.013351710973141705
ck_e2c66c72cc0b0f78,0.11054594569049761
ck_8d9518f64b222416,0.0009934291423937447
ck_804c5a1fa5753617,0.002940033679829154
ck_fca7cc9c42695453,0.0029431047632339264
ck_3a632cdf2c19051b,0.002317881873573336
ck_b2b63ea65edf1dde,0.005499509617029741
ck_27b07021500ee841,0.0018097399795728101
ck_9724718fe64c6557,0.9938155181969137
ck_2786cbc3e75ec034,0.15049751838419037
ck_d9c2622cb6df380b,0.003495762545922157
ck_ae1da8ee98e402a4,0.002823861388583452
ck_62967b91504149f9,0.0012381445693417116
ck_6b255bf68709109a,0.001806990713882287
ck_c55afc68421d85e2,0.0037255620126144867
ck_7c7266f6ef2a8466,0.006027916884419308
ck_885cf685a9541190,0.6709534178895001
ck_1a4bb7d3d2ee3227,0.0020776475880215713
ck_b4911c42f3bff740,0.0004020416912867555
ck_66f9f78d4c6a3edb,0.002495876690655703
ck_49bdba9ee1899dfe,0.007012795135628305
ck_79b235d51718435d,0.00460538449480098
ck_d840db8cfe2ef6f1,0.00020142802233558797
ck_610c7bcc1cd7ecb0,0.00230079222487682
ck_cf49b6544aff6c50,0.07430593965982103
ck_de05f97c3d40dd1b,0.016559154386304415
ck_0302f67d75973dce,0.0016118264571937126
ck_54c2604c9ca6256b,0.0026044258148003934
ck_a1c88c0568f142d0,0.01714458377967722
ck_5d72ff6cc2963d1a,0.0010589533373606605
ck_0446920a1004c596,0.0003005697318343269
ck_71044c29ef071570,0.0014854194541317276
ck_2122e9bb1afffef7,0.0005443303021646659
ck_d1e3de178601d3c2,0.007306287433867906
ck_bec8324a3587ef04,0.0003312180823445631
ck_b616b6f45225f319,0.0182223214541199
ck_ce1e695884511479,0.005758925843943773
ck_a662b4bf900781e4,0.0002941293281637086
ck_b5a84c5547378c10,0.0005592817375002214
ck_f80af368cfc6cb7e,0.0017942060639280087
ck_da3526ab6c5c884a,0.004686530401870283
ck_bd20be9a3392d79b,0.0008452495966871621
ck_b8266dcd90cbfa62,0.0007221063845716315
ck_ac84b33304362c06,0.002180868006733396
ck_794d8935a895e33f,0.007172480865177276
ck_8fea7d915259f1be,0.002071996723374942
ck_7a1519ad5ff45312,0.0006266204373658084
ck_9bf3ce30b65f75c7,0.01829751673713876
ck_5f864d72d1eead99,0.012417218905890755
ck_3c48e0cfc2a58041,0.38585464249504636
ck_d902183f80cc81fa,0.009404514696937701
ck_539cb0d117db8cd3,0.46043915033396066
ck_28f530aec8e77130,0.01119047515061018
ck_e7d903c50d353361,0.010998295609437705
ck_d288b77d1e227970,0.0033206274239039085
ck_017208fcc01b5d40,0.00044592936893943545
ck_7e3923d278a5106e,0.0031679087621312237
ck_9700a00ff9e66216,0.002820287725708853
ck_5c36c78b7a4d138c,0.014982395153126651
ck_c457e9c9224b773d,0.002339977192351602
ck_1dfa91405d7e66bc,0.0008963227471583512
ck_f1d8a2695a575e56,0.0015777845331796493
ck_3b92a46daf8d00d2,0.002484469383946882
ck_aab23b5470469649,0.0023458418801537316
ck_ecdd01a391610d99,0.0011498334167958483
ck_abd3aa292f8edb4d,0.03415039097463719
ck_7fc9a0776e1339e3,0.00044674671297086207
ck_c0389ebeb0e65cb8,0.0014828398251466206
ck_48d0fc4f6a2109fa,0.9849637087807173
ck_571dee4f3336c7ce,0.010653414847435361
ck_4cedf26628c84f26,0.005899412804631794
ck_63356762d24aab81,0.004028947292486117
ck_2c5bc11bb7ae5d2c,0.9421875744877111
ck_6d26a152f900fee8,0.002558744185329848
ck_c972b0e781efed3b,0.0010735503446015553
ck_fa0ecbcf9a33d6ce,0.0015573612338147865
ck_fa3a766e49dc77ae,0.0008011450102266497
ck_7baf1e55db0dc558,0.002399102610604395
ck_e8bc49e6494c1f37,0.0008147104351934291
ck_8ef1d05cc1e53e7e,0.03308036884562092
ck_cef2a485a77e0723,0.0009217452612701095
ck_228a583f23abff48,0.0010630920773329468
ck_ac32c6e374782b27,0.013172067516818502
ck_b9485218cef413f0,0.0018831014936643664
ck_7f15503048915d6f,0.0005847098629801114
ck_b62f5144db15ad34,0.02610842500862511
ck_917d82c552f95a23,0.00475536497945117
ck_fb4797045077bc6d,0.001114091986642882
ck_2cf8a44e041217de,0.004621605315436305
ck_b7dd681eb3d2ee38,0.0011306072898148378
ck_e9e8cacd2fa35e79,0.002388443199266071
ck_342a79f91de5d1fa,0.027005494450335007
ck_2c91f62c05685ed7,0.0006159738735577357
ck_e30cb64302939f38,0.006414035264057183
ck_d0e95b90ba86da10,0.0019301947683705964
ck_1774faf414a5d49d,0.7430389714956808
ck_2401e8ff89e574fd,0.7730896531696213
ck_0cd8802264e0a1ef,0.0018754950080219202
ck_da84a0dfe947fd3c,0.003503751245507293
ck_c8affb27ba7fb5db,0.022169735342617607
ck_bc7ece8787ca7200,0.0009481271418438924
ck_469a0578d05990c2,0.0005988251485377453
ck_eef67f8dea702338,0.017866128269540475
ck_4f490e379e9ded9a,0.0008221036587051969
ck_354379de065a8ff8,0.0006720819724255431
ck_5db1cb368bc41ac3,0.008215152613535018
ck_9b1c3742dd6fcb8b,0.0022922855708143713
ck_63ce4f44c92d7143,0.008923889015530073
ck_e15e3390f5ed45f3,0.0027153438705870576
ck_da645ea91d66aa6f,0.1700904961581668
ck_834ca727df855f07,0.05176542151546092
ck_e1d5ad20c737c745,0.04730990059915496
ck_ff8059ae5fa5f1ee,0.00020080620885082342
ck_8bb9e75393954a1f,0.0004506654010662724
ck_4e1757d1347ab387,0.9965942287596348
ck_af3f74b1d75a5d95,0.008220789069861992
ck_6b1ab0742ff04c3e,0.010284041500988775
ck_f56073911c9f1ab7,0.0006376726073543098
ck_51bd5f69b4fe0b92,0.740790145468283
ck_fc3d95030b81f416,0.0008006729892440006
ck_cf78169633a1600f,0.0003601765971232959
ck_ad7269eaa65c67f9,0.0027447068009363
ck_cc6d33890d47a6cf,0.004274065921637839
ck_bc8f31f4a2ffa1ae,0.00023073920745945395
ck_720776a46e56dfa8,0.0010422582675791829
ck_e2d1f212f259539b,0.0004647852385733357
ck_eaf6f7082c3db2bf,0.005833839890227747
ck_773efe58c6278c3c,0.006111930682937878
ck_c4a72c09f2fdacc4,0.003264442131107904
ck_8982888dd6611143,0.0014134362826427748
ck_9d5049e195eda029,0.001076486544167298
ck_de58ef6f9fe2b546,0.005284249067361496
ck_c0b50c11e4f5adf7,0.009569809310031777
ck_ddaf228487858bb8,0.010080634797462266
ck_eb2323215ff70362,0.010186115481498866
ck_168c96a1a636ea15,0.001133363517800513
ck_9c46711b14d9eebc,0.0005181312866896954
ck_de8af660806b97b5,0.0004905021601431558
ck_6ab83f45bf16eaa6,0.001886520600321632
ck_bf2228a052815840,0.0016029192174931868
ck_3f943f20a9da9bff,0.017870942451618466
ck_3baae40454c00938,0.008904471881348765
ck_bc2e771a1d8d2dee,0.006343966015231027
ck_e55f5ca37f30ce8c,0.005456273728573141
ck_4ad5937bef176d89,0.0020053265167551673
ck_126531a9126c17c4,0.0005246484047359619
ck_7ec423cb56257516,0.0060130062198935005
ck_54748ae0f2daaf10,0.005738940904264138
ck_ff24776280ceeeed,0.00258867011151954
ck_3c3a1a1365741bba,0.0013129832557186953
ck_615277c8a4e2b18b,0.0005011861769977985
ck_a96aaef34173aee6,0.10787616916696804
ck_bea56db7f3e930e8,0.0031980853337218664
ck_ca491debd3b32a59,0.00722533793575127
ck_d9ea77f4114a389c,0.0006971077400315641
ck_322ffda3332d08a2,0.0036334979550668874
ck_c40ffefe4e30b001,0.031018224937202712
ck_3b1d7648d4580bef,0.0006419284139850121
ck_23981a3261674131,0.0013522601128621741
ck_11667f5b9fac7bc7,0.0003452040854158708
ck_646bb3c7be5f0817,0.012208154081009328
ck_ebd0a45712dcf07a,0.01979437130073597
ck_baf43bf1bd963f9f,0.012470756656981158
ck_e0ca2c819658f6b6,0.9945514214273091
ck_f0d6633d0834fff5,0.005068269373054019
ck_91081be0254878a5,0.0034239819039029056
ck_1325000bc7f35b5e,0.0005594732122542576
ck_c624b9063400fa3a,0.05699535833278034
ck_0ad6fa0e23c3bd0a,0.037259715438602674
ck_6ddb55b1f23c6cb1,0.0016285304155668737
ck_dce1fb3acd65562f,0.0009751650077022868
ck_a9aa389688ee5aea,0.002457124845118195
ck_5c5284c45d9ad8bf,0.06186631213867465
ck_9ce743dd3e92549c,0.00602660280943377
ck_8342e08cc2f9bcb7,0.0016335909704976983
ck_25e551a0a8d2fcc2,0.007417326951228278
ck_d4fd0e438c97e0c7,0.01077522478822806
ck_ac7fe1c344190c50,0.001026020992427913
ck_ddd65711b5651f89,0.00041772750420703393
ck_ec7406cb5cbc8f10,0.0008640932326466197
ck_1c65e8d5be3b9c60,0.10711742155806357
ck_38ee42f15a573e81,0.01302224878717443
ck_0e5385c70c6de025,0.001236947834158744
ck_d3137f0f7629040b,0.0007721373456988894
ck_9129c92c12e0c8b4,0.0007465310804138105
ck_c86520a00e50a926,0.003923580306651206
ck_87f82b2b5fee757a,0.0018694735731122605
ck_643abfbd7548d0c9,0.018466486045165903
ck_be51f4e5e6b85768,0.027115334422972544
ck_132c16312f37810f,0.0010638385124789233
ck_c78c096ca8cb33ac,0.0004764179721457546
ck_2ce5afbc014763b8,0.017590166159229897
ck_50ed8f4e7ae6710f,0.0032685177570357204
ck_5a4eb535c9a11993,0.0012540816174657818
ck_9b665ef46d785324,0.0012106716211572762
ck_e066f71f8b296b7a,0.0010385988127678161
ck_560bc6017870ab06,0.0004445664996553395
ck_fd78f8a8663646d7,0.0018717299921580948
ck_4af5ec61ddbde1a4,0.004799772253950981
ck_c2ed04a9d218410b,0.0037737636666388343
ck_2455d43bbdd2bb69,0.0022229051251368872
ck_56eed7041add49a1,0.09788951540868553
ck_5f0be7b468a72333,0.0006523741381962646
ck_19660cec756632ca,0.0023082086616174934
ck_fb90408f4892a21f,0.0038511977718612587
ck_833a65b86a5d9bda,0.0016539496845725079
ck_2ac36e1dff211d38,0.008878742253311657
ck_c00e70606904539a,0.0009981705817845986
ck_ba8affe4b9505a95,0.3859758941081905
ck_0c3dd22587b08018,0.0068763530275455995
ck_618c4e5cfae99dcd,0.0919822765397218
ck_c9690baddfc4177e,0.0005933996295145443
ck_59fae092fb0c4aa3,0.002189950253460856
ck_e03b7d0fa0b28f4b,0.000988754567780795
ck_d451d24c780b5884,0.0007743576451528329
ck_e980d325b8dbb8dd,0.0005124191217753663
ck_cff18e2d8c520272,0.0005793615426551225
ck_a0e46b67e986ab56,0.023044667443678113
ck_3a469039a5b9d963,0.001553148149086706
ck_12cbb211ebd2b437,0.006729386666896907
ck_b8cdd6d6dccc4554,0.0006622347216708389
ck_794ba5921cef50c9,0.033019135556456795
ck_2c7667f64edec2b5,0.005837949823397712
ck_7262b4e0c29c942d,0.002687783428456738
ck_5d818522cbfe2a54,0.06891322900634571
ck_de39c1947fb675ee,0.04131664363888862
ck_c021495606b4735e,0.0012531590750974586
ck_1fc03ba33edd9e67,0.009856483766705315
ck_a6fe344bbf67f14b,0.0012472916900104877
ck_963762210edc5694,0.011480520568647914
ck_d064428b7e7dc409,0.0010931558790185445
ck_59be61b53d971611,0.0014932449043160996
ck_ec8738ec663cd2eb,0.006695503633965978
ck_59d086fab5998646,0.0016998799090655516
ck_bd32dd3b2cbb7888,0.9972376590546417
ck_ce0166addb93bbad,0.000560810986800737
ck_7c0fdfbb447cdc04,0.00829472289244644
ck_cb1bd7635968ed8c,0.35585921352297206
ck_66f94903177f20eb,0.0009795898466574834
ck_1d7cd5dcbcdafd7b,0.3744532232768205
ck_5e418a7c04437b4a,0.036117709903539956
ck_631ea1ae91ab333e,0.005146034979526056
ck_0a8029e79a5ae7ce,0.009603750062411931
ck_c4cca8278bdad9b9,0.0007598675754177013
ck_4dec3df58077a257,0.06898057324392909
ck_609c249edd88c565,0.002031665527471854
ck_02e5f9cbbbf2f078,0.007777272186223768
ck_32e486859130458f,0.6327707639973719
ck_21ed2ea6386c5a07,0.0002689026772722044
ck_1242aa4496576a99,0.0030242648832078376
ck_475ea9aa6d3898b7,0.03182048364664852
ck_fe1b1adae3be70a6,0.5320458062020937
ck_c5414d7a8031d4f5,0.002554880644174487
ck_ca1f6f01868e978f,0.06334790490235442
ck_5eff0208c74ec714,0.001188768032605588
ck_a315c9619a317609,0.0018413833794837502
ck_2b87683c90acb852,0.013277030454164987
ck_7cd9f39c50748ed0,0.0023283753916475726
ck_16a06d58d71935bc,0.04302003616901702
ck_d116e0e7c19b878e,0.6062903828208301
ck_931510e384b1d0cb,0.013203839607102858
ck_e7651fb87bb24132,0.0009417790827608893
ck_88ef9f85948e1a01,0.002638427426298101
ck_17bf38d51115a8f3,0.0030243713291034317
ck_2659d1d3762a2825,0.0020063059534970026
ck_a7285955e2852686,0.002342046484977362
ck_f2c33d5b65b321db,0.00901079013868282
ck_83e5979334345622,0.017326048294147422
ck_629537d8b4d0f395,0.002629624438504048
ck_72022008a92c9386,0.0026006705354118705
ck_2973b8274f0bf69b,0.006420419822585495
ck_565e3418d2f4061c,0.0014900225884662876
ck_54bb53b8f8ea32ae,0.9901608053924975
ck_af0a6540ea7a36b2,0.0020967630884308275
ck_888651bfc2c8cf70,0.001987798494613598
ck_1dedcb48ac381a1c,0.18778389685037836
ck_f73273e220296be8,0.0033433289052227718
ck_8424bf65223a5a9e,0.0019095823714077775
ck_337b930fd149a696,0.000574167575072085
ck_8a4952de8a123ef8,0.0024345539380703695
ck_884168153c9c0c81,0.000534902558850651
ck_fdda581aec411010,0.0005153479811517606
ck_2b7cadbc8b180d32,0.837499265356015
ck_8aa8b9968233a1ab,0.001311336835034903
ck_0af18b3ce015d294,0.0007700042566416056
ck_8dde670a735d1e90,0.045215752339923844
ck_62f46226f244139f,0.0034666448503483304
ck_f948e8a8fdd79b4e,0.0028921998096763566
ck_fa00aa0f3e859904,0.0032286442523683802
ck_fc7935f784a4f249,0.005222923862365418
ck_e7501307c0698e5b,0.0025164643602211293
ck_549ed417f2834cee,0.015288273482235902
ck_fb2a35571ec719d4,0.019301267243456665
ck_25822068c86c856f,0.0007262988707483882
ck_8f35d229b62c8f23,0.005116149314558503
ck_bdcf049c1e7d0c95,0.0031748899561620863
ck_0aa9db36eb16422a,0.0008317444238761912
ck_42dcf92e9e016922,0.04716525365801461
ck_42341cf31c08c981,0.003851300731769441
ck_0b20bfc515ba42a2,0.0034556849109112827
ck_0ec820b670d48098,0.0009201900418120863
ck_1f0bafec397da8e4,0.006756440537906661
ck_82f07504ab59ed33,0.016527972487134352
ck_337b24a474010abb,0.9962015176475641
ck_703703bda38fdcf8,0.0008226412821482561
ck_01e7960c63dca3a4,0.9243061235433802
ck_be5bd81e3715cb8f,0.8524753883493943
ck_197f8058cea1fbea,0.0002850168629938977
ck_eb3fb1106f2f1b21,0.007715719370495412
ck_658b4b54be09a4bc,0.9920139508891885
ck_266ce7ccf41ccc50,0.0027816600247179374
ck_110608c3b03d4038,0.3373785554019674
ck_1be8cb95d6d9bbf8,0.0017763367112996118
ck_8e16a64a776afa82,0.053661683211169216
ck_34bd190d37eda534,0.015060721960041792
ck_4f521611ae14ae66,0.0007376540177373366
ck_d839798f9520363e,0.065503628346166
ck_d1bbfd246c0ac9d5,0.018801513608233313
ck_f19030e6e85a6776,0.035675351246459194
ck_cdabe60ab59f9d5a,0.0027453555263627512
ck_bb84b2b30293f566,0.7712209529829599
ck_427b91925952cb40,0.0044634725018429435
ck_1078b1e155b5b640,0.004067743985784518
ck_95fdc264eac72fa0,0.003211929132798907
ck_e35eb857c61548b2,0.8567503443760704
ck_69bd0b1abea7e1f0,0.06417396365071427
ck_59de511b20c842ba,0.016941267553100305
ck_168e7ea341a36b80,0.0006835850287491909
ck_4937cfa6526ea138,0.0032015731915361174
ck_bb1a981306b750ac,0.029794008688374056
ck_f42a43e4c3f34ccd,0.0011586490747758586
ck_c7ae1d4b3ab38185,0.0007785415672752359
ck_bd23cf9bba1dd33f,0.008187728983843732
ck_0fd826fad7ec7cd6,0.055775977035333865
ck_f143641bf3dd0414,0.0028799802614043134
ck_ad6d48c20a3688a7,0.0006210025743185988
ck_7bda5b5b927b2905,0.0349597062766661
ck_a337eb38eefdcc88,0.00530603288969898
ck_403da2a2d800df9f,0.13322300401352657
ck_aa01d5aafde73d0a,0.0010363422344656684
ck_494954023f0eb309,0.0045924665771001245
ck_1c6820fc38135ad9,0.00509929620214732
ck_0e0bab173622db9b,0.018272198187642818
ck_547090bf35a3b243,0.0011233492458391074
ck_d69455220b21dc9b,0.0014800776988888452
ck_90b4ac695b9c6bf7,0.0017423719761065764
ck_8d2afe17c0082e6a,0.03436835799103475
ck_926b81c0ba528eee,0.007878320214649326
ck_ce36b0c287bd198e,0.05643314544572081
ck_8026e017909aaa6c,0.0010092668250993783
ck_dfba788f35d4c372,0.0021179886369339716
ck_f09f9d0e0886e0c6,0.004741123352657501
ck_4ffe0366df388604,0.0041664267074365685
ck_75bb521de55644c7,0.019468624482290604
ck_81a960fddf79ecf1,0.9686406565774949
ck_8f43459991ea511f,0.0009309747489769491
ck_f878b68d66fbfd4b,0.0003655414712231199
ck_e84abfc0c747c9dd,0.9091638436695795
ck_3ad3fd3cceb56b66,0.9268744152039846
ck_7cf562578c7f158a,0.001902143155392654
ck_f81a97d350397306,0.028607192239125473
ck_255d87b7fb40caa5,0.0013808001141174364
ck_b3905153b9eee924,0.004644595300530938
ck_2c80a592fb4cd6a3,0.0016122539362549042
ck_57deb202d4188a29,0.0010354098094143647
ck_e3cb5f31d8e94448,0.9743667540314472
ck_0db62d5f7f75f80f,0.004853147086756053
ck_ced9163ea85589ea,0.014191821042130607
ck_e16528edc694fb33,0.9740855069110717
ck_78cc5ec4940fec3b,0.0015852091085268745
ck_31742076e9a998f8,0.012277770325489273
ck_5ac335f02280271e,0.007575759571092539
ck_7cc2e091806cfa5b,0.011257404917101074
ck_3152c7115257f084,0.0014976273657359162
ck_ab1b9d019921bca7,0.0019233492210305673
ck_c33a762d98f9b290,0.0007182634500873838
ck_b16a7c51b6f7a6b1,0.020409126358248562
ck_97402a153348e68f,0.001266466129446068
ck_95391029a21caa24,0.0278425683524362
ck_c2015a1200971fe9,0.0012037823474497537
ck_ed4427962c68918c,0.9966575596036684
ck_c5e4a17d3efb19a4,0.34715458066825927
ck_8aec3d3dd51517c2,0.000494756542611793
ck_f5178a658225d8e4,0.0014556076060788404
ck_8594f165e95316d2,0.001516618549954087
ck_f0c4aac04076a6dc,0.0065789894369558425
ck_ac2f7397801036ef,0.011324706234713353
ck_d1ea4bcc407c7d5e,0.001100503788390078
ck_cce8b6657a538fe0,0.007928333379458299
ck_66d0c6d6b67a8d58,0.0019271970697174255
ck_1a6b30320835e57e,0.00976674512060085
ck_8cd274cc85aa35d1,0.014034742999518901
ck_ada46085a78280e4,0.0006087730285031878
ck_ce1b06623e4a815e,0.00089949171825497
ck_45e70c8a9686580c,0.017636023952975408
ck_0084d8ab6b1044f3,0.003586555942447195
ck_a5f7b6fed6df2aba,0.023145893392454216
ck_94940d783e7988e6,0.0015431981560738595
ck_00f9ca84d1d8ae7a,0.0008277157317020117
ck_0deb56f3f6452818,0.0008449124573866847
ck_a58e900469dfc3f0,0.0016134781025152769
ck_028c41b195280980,0.0022918480752266803
ck_7661d7ceaeb19f97,0.010126566470980772
ck_6957905a65c47879,0.004248228698643631
ck_f7c6c26ef3c4ae06,0.003521410079871881
ck_8777beb11aabd66d,0.0013363389817812761
ck_7db098a17374bbf8,0.9369660555144135
ck_66aeb00e44486cda,0.14553876604943805
ck_838c52cc1d315ec3,0.007796429290031455
ck_1745847cd4e5dc83,0.0036924874633582384
ck_201687857ec8b3cc,0.007837770129392714
ck_81818169208a8cda,0.005287061468169075
ck_3303fd3f64632c7c,0.015260118355786239
ck_edf1096809e83ef8,0.0009242478755435851
ck_235ce9603c7dccbf,0.1004100972236347
ck_9df7e153868bca13,0.0013554568309660428
ck_3cfeade2cf270fee,0.004584057273583729
ck_982b0bf2e2b6c4f7,0.0006064078938443076
ck_faeb0da678bb86c0,0.0018250917970811385
ck_e86ad2fe815b6ed9,0.0011797812915884146
ck_70d69e5d1bb99e85,0.0031458365336465934
ck_7e9a8924eab779e6,0.9894172533757247
ck_019d5891103e7da3,0.001652796608589085
ck_14f0484b3817eda5,0.0023232106716171283
ck_85de63d278f0fbae,0.0006314955725289113
ck_ae91b4cff57fb3bf,0.004150000697106917
ck_2a6d43b9f883b78e,0.3853958537141539
ck_7a4e3d553e8ab5b7,0.07701160753547523
ck_fdf89dc69f700f84,0.10739231613900158
ck_f92e04024bf13558,0.00039960471759664553
ck_4a522ca2dc4831a0,0.0002975708518171117
ck_68ba25dc3385fea1,0.006125285796983018
ck_22128a4f0d033422,0.0033866890093885815
ck_5b52ee0a13c71590,0.0008930256590096988
ck_59472d17debedafc,0.005245659016007577
ck_9dde2c63acda3ba3,0.0019331945069737148
ck_7510b1023cd08531,0.001025474669542697
ck_071ddaaf2e4e3671,0.0010873044906396618
ck_1355db6f4010232a,0.002802352952835626
ck_0a7adc2f27f98510,0.040157840154701634
ck_68250033717cd59e,0.001023070941773569
ck_7c12de74de30b788,0.34034899549327213
ck_65491367584c730c,0.0038481766970533326
ck_e9047964952bee70,0.0025933167488000376
ck_5567779d6ba184eb,0.004761542362868901
ck_d6ea026357ec6477,0.0024281751536126732
ck_cd7dcc884e283746,0.006610918720683085
ck_0bd77fea8ed75a15,0.0020484899654555485
ck_e80883208e8d0453,0.0009839580092601322
ck_2ad0ecbacd5acf8e,0.9784742167632836
ck_6c1dbee7e8fdd5c8,0.0012455800365928262
ck_ee4d9a7449515908,0.0006746376051998934
ck_636111f7f030496c,0.0019987364493335817
ck_2c629c657f73941f,0.0027746341039194327
ck_c1c9d3842d758420,0.019962447988546874
ck_e4df7faacdfe8c40,0.006855845550810278
ck_94e8142728e44380,0.02642044070714262
ck_765aaf42c5088545,0.0023582325195718183
ck_e0f845159b6e6a4a,0.0036083535721835517
ck_5bc07deb82edbad7,0.0008256049936325472
ck_713159c5c6a7a4d0,0.9979820972407255
ck_b08afc91d9ca55db,0.005233880409532386
ck_a7bc323ffed2ea97,0.16543152562349792
ck_85ca825f905a34a1,0.005144969901423519
ck_33160c443d4b3f19,0.005705122544349027
ck_832d39c590a3ca75,0.5155676338041998
ck_7d1661a34164406e,0.9678760782005368
ck_c2466fc40fc9d5ed,0.9830802574597154
ck_ed0e776c0926ce67,0.02910842220506102
ck_cdd2ebeec75bfa69,0.07432213743957987
ck_d7877684c7923ec3,0.0018478540047127037
ck_7384d4d2406aabf4,0.0016187084243807178
ck_b8e5244e650aa81b,0.004494020741615611
ck_25a1ea40b2d59254,0.000782228379158485
ck_b9e5b318ee4de68d,0.0008134286939799599
ck_620d7ae27af83cea,0.0014472495717972743
ck_40b4e264d1a12b83,0.8476716467225827
ck_b694c803b62862b3,0.0008023636526028957
ck_cbeca201dbade3e5,0.010186680217023264
ck_f9b439c9161c3e52,0.00522092273837398
ck_9880410fcd10a28e,0.0014534459628970976
ck_74928f5f91aa12b2,0.007486531088054853
ck_b6673bbe61d2680d,0.009444461241276918
ck_53c8315b5c30acb4,0.0008714953644401756
ck_78f01d78ea79642f,0.006026262207500125
ck_8582490d6e365a63,0.005368168622906591
ck_af25c72d16299258,0.00045245352147443754
ck_7905fe8e257b0449,0.0919211284133622
ck_0d16d9349e4a9e08,0.005866365981216627
ck_31b16b8848584e98,0.012864160543321805
ck_67207e3eecc02d76,0.010664620472115544
ck_e6b95ff91116a592,0.0027469874273578785
ck_c08f622bcd6de6e7,0.04919552989909535
ck_f9a68da9e0f0bc85,0.0020489041461938576
ck_4072b59388976896,0.000984429462571047
ck_8ec86e853ad52828,0.01676671814592337
ck_4fecb87eaffd5cb5,0.0015480276286573915
ck_d6880578428b965e,0.03751570094713747
ck_bfc82b3c1c9f2897,0.9874071288910086
ck_c340644176ca03e7,0.0044514063917110765
ck_321e740066fb05c3,0.5984520708565311
ck_8929d2eb09872052,0.1319447834839586
ck_205c107cec528414,0.40802049425762066
ck_e76db7d2562f9836,0.0018139983845633953
ck_9ede51c8434cff6e,0.006652380780506654
ck_492e4b89c61b7b6c,0.0008169631236499136
ck_9385f5a1eeebefcd,0.013876953952909702
ck_ee52c7bf88f952ab,0.0033429156557985263
ck_d8116c34302021d7,0.000991457092873319
ck_01645ea51972e99a,0.009123692130976144
ck_7b45ed23304a854b,0.0006471620880656643
ck_2096d32f3d497ea1,0.044499294231689294
ck_dfbb2056f1ef7d3b,0.0044640035117398235
ck_938ce30c864bc7df,0.0013502790133817133
ck_ff30dda2c881a4bd,0.3858482852774389
ck_f88c79186a082beb,0.00409752383333148
ck_08c7bb0f9851cb76,0.09045441544142394
ck_2675e7a008e584a7,0.004059104498928762
ck_cbaf8a954281d4e3,0.9887320209932756
ck_8b24eadf6c72b30c,0.5464787050071941
ck_ffc8e3c1377d0706,0.0005847432455290202
ck_5b59e859bed5b40e,0.005757927695340956
ck_7b61717f172f9317,0.8737373925006987
ck_e5c30947b732f661,0.03624189343068947
ck_bc273f3ce79f7e1a,0.0004967193447360979
ck_f69e93388b3028cb,0.04868053733818532
ck_3837ad850996ba60,0.0037564223915687663
ck_36d78ff3bc033ee5,0.003904767186725553
ck_5e20953547ba4135,0.027141188293080373
ck_258d661e450ac870,0.004714896123733022
ck_1df66f537496ca59,0.010543362347784213
ck_361f535599110201,0.002209801304232639
ck_337e98c69f6e7886,0.0008766721252715876
ck_d3d5b2717cfc3913,0.020296928459606622
ck_b1dba768dbe7affe,0.007693283374155238
ck_92d782bd9ce0d1e3,0.004823862432845794
ck_26bd0f8898afc8ba,0.000540297792079463
ck_7916e53daab36745,0.037878451164937856
ck_2caf553b31831a50,0.0019817778875216388
ck_c6200734c7f9b2f9,0.9365905796920632
ck_cdc55623cb16e6a9,0.0034005610897765194
ck_57849e15b61c43b4,0.0007029235817636729
ck_b7af9b2ee0eebbc6,0.014232930984359701
ck_00aa5fc3b3bc66aa,0.05348041318722968
ck_9929723f65636c7f,0.9936221558897871
ck_8f6cce9f69912983,0.00102093292821545
ck_c422ba389ff00781,0.0005849042418595596
ck_9ec7f334604a228f,0.005752528295012117
ck_5d01200ba3341462,0.0009216554613917043
ck_2bf10be403849c9a,0.001938486513273136
ck_6ca018259f70858f,0.0024841518242499565
ck_a54dc042ebb7c766,0.6224080923126645
ck_79da63fc100830b5,0.004076542298408373
ck_67ab6f9e05c85085,0.003699421176601937
ck_fa80da579ea9afc0,0.003869562926359763
ck_4339f86c87289222,0.5837933183131142
ck_a2299b4f530be0d6,0.2367418531816537
ck_19db0bf788697c2b,0.0015436830012342416
ck_fa4211c4d826d830,0.0008480613896995344
ck_96100d5e8e051e91,0.001120858645377643
ck_5c3a671883d58b3f,0.00040079825322563475
ck_2d9524787cfe1ab3,0.35893642791166724
ck_47ab8e51e5b3a2d8,0.0011516912886606328
ck_c924f36bc1bbbaa3,0.0032923163116024366
ck_5c58e7f8fd55e26c,0.0006768044391813761
ck_a07e7409d6d5aa06,0.003735532786063806
ck_c8413898f5f7cb7d,0.008656999093644872
ck_577c816b41cab002,0.8961072379212567
ck_9f7807ed64cdb728,0.04896300318559884
ck_495d814d6d6d521e,0.0004757423458449617
ck_7aa8bc018c2b003b,0.0010802557830521132
ck_7c3a6a82f3c3241d,0.0013741171428868465
ck_487f7fbc290e4ae2,0.0012181578960577225
ck_e556c4d36aadbe03,0.0009070946226032055
ck_7e6569a1b2455cb0,0.00048578298771248036
ck_de2924955926d046,0.009175467009772125
ck_73d60b4630e3937a,0.0013954632415943595
ck_805ee564bd35ef15,0.0550326177771318
ck_0d40961e47797027,0.0009688562201795465
ck_f06d00a4f9c87d80,0.0008092455196756381
ck_5ef50fb07b6737d5,0.002392497245096436
ck_16541fc15683e21c,0.001448266409787449
ck_09fd43f1b7e2eca2,0.0003506835731395395
ck_2a2c336a69b8d68d,0.004974319977926625
ck_2685f38930866af0,0.0037384305590362466
ck_298278a9da874437,0.0036896509744928224
ck_00bd7803f2530c68,0.004397070220795976
ck_c2b4a1d8c0b6c1cd,0.002467618837085133
ck_2acb54ca20c3af6c,0.013576461995879953
ck_e3d4b6f681c783ab,0.009676055004874031
ck_f90293f1eba5d7b6,0.018229206138402322
ck_e69d27e8965df0be,0.0016357035021818509
ck_b7f5d10b427346ad,0.00108906315730561
ck_1ce20e4223a936b1,0.0025894794294198586
ck_6b97d1ab90f6bdeb,0.04999802162234214
ck_e30e17db5473c7b2,0.0021858024432893624
ck_154c8efb19dee665,0.0009708509885591911
ck_6f5bb0c930644cae,0.9980661367646929
ck_9e17699baa83d173,0.0010009453107419812
ck_9693b1eb70880205,0.0015635435970195687
ck_1e97899875bb427b,0.001183276922703708
ck_558a82590f65df69,0.0004492413833389397
ck_18df83242ff3cdbb,0.014488071619867657
ck_80ad4396e1084c68,0.011859371744117034
ck_0a993bc947bab61f,0.00491222849375175
ck_5c2d43ff841632f9,0.0005478025133216594
ck_6e4b99fb9725d9fa,0.0009464384607936604
ck_e0983999ca26c19e,0.03185856305844924
ck_6573c4947cc8607e,0.02080330194868391
ck_d879d645d6e44207,0.0038315015326122774
ck_1375ad9f10688e4a,0.00048334069678391173
ck_7501ebbf4e21f160,0.0033674211701019193
ck_ca60d61cd4dc3bea,0.0008346636852140648
ck_ab9ea095a5c58b4b,0.0015939380694362578
ck_23756522b58df5d8,0.0005818674839146055
ck_90bc176c43d85fd5,0.05975686754589926
ck_908b663b2dda94ad,0.011145782432287029
ck_4df2fb8e4b649e27,0.0019879985601496614
ck_5615c6bbdef05291,0.06933786962507404
ck_b62f3e3185251f71,0.0005838163722798886
ck_38d1a22850178f33,0.0008764904059147272
ck_5b3ba20c8bb1383b,0.0030780256991417413
ck_5576ffc6aaf6f22c,0.0003454119239630282
ck_cf7a022178165e56,0.0011024003785651095
ck_f2c7a4c50e2ede96,0.005103482324147243
ck_285719c77eadf915,0.0012730180643630799
ck_f2aa1b677619ab19,0.0032478232595020717
ck_3830c58d841e9e69,0.8129444710115473
ck_32eba3510c8eac5e,0.0013451400402800194
ck_8955d7b9030d5eb5,0.005187240064884809
ck_6775e387dace7525,0.020722768593052006
ck_0a0cd7f4be606a93,0.009933478937873866
ck_a9f700eee5d638df,0.012593843624528991
ck_3d7db96995745472,0.005698879850782063
ck_aeed557007d52e9c,0.0009394447056065675
ck_79b6a86830156b5a,0.005161406904881344
ck_6a1ff9d69466181c,0.9983495311906504
ck_f11b1565f986f5e3,0.006086637087209436
ck_4819327a78615485,0.000659900754386285
ck_3ed9e081959b2f5c,0.001113133412848205
ck_16af4be191c47d3d,0.001903004393728767
ck_25122cc0e8b1a662,0.1192333236249873
ck_509c22828d467ba3,0.016394332167479396
ck_31109c899336348d,0.001036267630927688
ck_c51131e53baa59c7,0.0009033992213817612
ck_cf8ecabbc61d3e11,0.002586797538290728
ck_eb6baff0f85ba936,0.0020147678907430143
ck_777669e2243204f2,0.8069319791181594
ck_ac0ea27e692acdc9,0.0025358756242776525
ck_4c6ea04ce8ca9e2c,0.000826873477919676
ck_ca54b32fca7e94cd,0.0011268106952778039
ck_4dfd8947f540eb24,0.000690570911948467
ck_95aff1fe27fb24bb,0.002154335852088641
ck_c7550723b90e5615,0.0005390803781819458
ck_57b3fee69bdf85e8,0.00047393424130197213
ck_f823407ace7ff064,0.016717144380784213
ck_a69084a068bcc8aa,0.02613878319440665
ck_c7b17f7b24bef5d7,0.0029957962019802934
ck_7c4e588f927c27c8,0.0055508816131103296
ck_77fdac602d0c6f95,0.005383647292424634
ck_e963d8525018d072,0.0017972217183887013
ck_6e8ebaea8f7bffaf,0.0004921761051194378
ck_aa42976a31cb7770,0.003958601927343671
ck_22c862a496008c96,0.9975668066626562
ck_527550dd15f38782,0.004778780709367292
ck_b3ab3c210e2c7c19,0.005536555697849916
ck_ed9c56fdb9f45ddc,0.2594260142964589
ck_b53281da70defcfa,0.0020773024055041867
ck_03009b721568ee98,0.014496684892379753
ck_3d9afd862b3f4053,0.03674024400700572
ck_ad3c4be96599554a,0.003957067392939594
ck_d1c787c27d50af49,0.008198584280311496
ck_c7a9c7b2eef46a99,0.002855549236575223
ck_53036d3c6c74446c,0.04418249514078378
ck_1b1efbd9c0964c8d,0.0028042908723683578
ck_d66f42a269d5c1ed,0.026405413074761668
ck_fefc49a2b8ad993e,0.0028928025867188045
ck_8b3b874249adece9,0.0031705312311689268
ck_193d9c87ad3f1dad,0.001697728762453303
ck_0c6a50d747593b7b,0.002471885077664041
ck_c830f3830875b47a,0.012134259039598694
ck_79e202f06d8dfe42,0.002810129948090675
ck_5c0fe988b8aa7fcb,0.11563366853213271
ck_a8382d8345f21e1e,0.0010775470518877065
ck_8cb20053914692d0,0.004985947253329318
ck_1da2f69023ca4c13,0.001669125694909104
ck_38abb60995114f8f,0.0055774430425088945
ck_f5791fd8fd8fd191,0.015664121836736298
ck_a4e6fc391b674335,0.32850801918372374
ck_bd771efb4a7e15d0,0.001995814415619092
ck_38ba4a6b6a292054,0.014463406694612949
ck_f7a07283345a0dce,0.0024074066634307803
ck_87dc484baaf5a23a,0.0004973828314591719
ck_c84ef83489badbfd,0.017400732175125704
ck_a397cd64ec5d644b,0.0018244985336009867
ck_7977135c2ff61e92,0.001475214020245362
ck_52174855b243a8b0,0.012909891723644632
ck_0f35e930d0614613,0.9873765486998661
ck_b170a7db522a0d6f,0.003284318155979308
ck_7af748a23775bd54,0.07801796304824415
ck_52f641c9ee6fda70,0.003364758852188685
ck_c3719a30414bbb4d,0.0035544369672050173
ck_2baf214ad6bc0dbf,0.02131549560609581
ck_8b39d8aacfdd72b4,0.002293839124596532
ck_d39b0152116203be,0.0024529932198778925
ck_ed33f8a937f9c7c8,0.003528534478474438
ck_8ef97b55a5fd6ec9,0.0006655260318766731
ck_8247f008a14bd1a2,0.0013478010722517777
ck_f0d349d68249d5db,0.00047732479960550654
ck_a544e766540861fc,0.008409393554241468
ck_9dfaca4c7c80b10d,0.05896453434411901
ck_7e5401c362b2216a,0.00033838538547447956
ck_64ff60c073fdb6db,0.00442971996173167
ck_fc5ea49518e5d637,0.000979127102181283
ck_580f136ced341298,0.000677379254073923
ck_9cbef9bc95449dca,0.0025174913895745533
ck_e475a3b8ba870a7e,0.0005126717502086315
ck_97e94708bcf43563,0.000995504284313921
ck_13f03ec785cbdae1,0.001211270867908765
ck_152820d8817f478c,0.0013954410570717769
ck_d20d4ba60eec9945,0.002073009652478397
ck_5c45968a805132e0,0.005716384992556655
ck_bebea2cf3063fb24,0.006892175584754232
ck_c3c69aefe7ea1d2f,0.0065488264558588565
ck_02028b72f26fe855,0.0012586468703382145
ck_dfadff70a58a9133,0.0004171758234685141
ck_6482ed4491bedcaf,0.0007525602123538301
ck_754cd7b4a5ae3f94,0.009178324125233903
ck_3132857aec8485bc,0.0004501560470354319
ck_7ce4ca91b8f9f1c1,0.00335008089171523
ck_41938582f4351772,0.0069909893957944
ck_f87d66946252476c,0.14901622821619154
ck_8053f1879a9b4e43,0.00037984308035591733
ck_93892e91387f5103,0.007106565218852269
ck_15254db133b28371,0.016708692323957355
ck_d557b9feb241b3ec,0.0010238569067006864
ck_71c3a8e4c12c989f,0.0012670747450143302
ck_80e3041811033443,0.012490672710655636
ck_3380d60067b4634b,0.0005894962166266631
ck_a9c2cdc758df8510,0.014593053898559603
ck_3c0031d7514da17b,0.0034813708883091967
ck_18d214b1418be39d,0.0005350008137681997
ck_7ce768407fd48321,0.0031756944454721025
ck_7a50abd42298133b,0.0008257812868561157
ck_2db10f987d137582,0.0045560611655741864
ck_e077d004cd1d80ae,0.003106700996317174
ck_1cb6dc67f9a321b5,0.07989635968969261
ck_b864f64101149c35,0.11372461839001274
ck_9bedf54df9418e4a,0.001112045295961828
ck_c47e32c47f0e6578,0.0801658073901545
ck_71f382d5e338daa3,0.0007157073378951876
ck_14b4bf7be6ac2b61,0.020075919989824585
ck_5c87eea1cc07cc92,0.011449027105775068
ck_5f445182829ef342,0.006089807283776984
ck_a5d7311291caaa54,0.0012541059554112902
ck_b7df99aecef385e6,0.01007889198409686
ck_3327a0582407068b,0.004556700215179847
ck_08dba09fd7dab896,0.0027353692396261792
ck_f4ec334be5266378,0.006477901747382311
ck_240f7f894c5a86e7,0.0008840888035472649
ck_a9d994554fc14a02,0.0004740921778360969
ck_13648cbd306eee6d,0.003150921579750634
ck_601edf9105b3c321,0.9927545381590124
ck_9527adac182abe57,0.22715413574717822
ck_4e0e80f5cc271bf7,0.0007702176771491015
ck_96a89e720176b389,0.013407595696519333
ck_63560eec94b76d2f,0.0020905609313339457
ck_c9c99e5b19aeced8,0.003627027774120347
ck_bc32655ee5ed643e,0.0018564898522655502
ck_edccb5a93b741744,0.0006965628799001201
ck_f786cbc987b70930,0.000569356424922823
ck_0e8f26536ccc8947,0.007183376809636331
ck_b87ef4b98cfcec4c,0.006887298595301412
ck_1a9235812de4b2c1,0.022133318805136474
ck_d1ed88ea4211ba4d,0.0008156582616294284
ck_a4ddac49657a4450,0.027072712338040456
ck_d9ffca35188e49d8,0.0019658847691760525
ck_3db73bbe03c3d240,0.0010707929924539717
ck_fffa0622344a36ab,0.0005252873782109069
ck_148c28df51bba5e9,0.9466113903228426
ck_076cbc25c8f15fc3,0.9774868258756639
ck_e5ca550b39ed45bf,0.5663756748499307
ck_8dacf3a2061ca17d,0.003915473851531691
ck_2d7394afd61643d0,0.001341255702336836
ck_e42206e91f6a1752,0.0014116508217105585
ck_2f4f94827984c426,0.00037713590670362767
ck_edfe8e90e8f4366e,0.0009207760384250713
ck_646b15f753e5e9c6,0.008076207774718189
ck_66600620149c8799,0.0010613106734065204
ck_4ff6fc70bccfba96,0.24614436012482455
ck_41af3729590c2484,0.0014472833779805001
ck_920a48ba8c583e96,0.0008142977879677678
ck_0253b3e7be021306,0.0006359817397450061
ck_2ae6949246ea2648,0.002446428827322027
ck_db23a5100f338d72,0.0030741123230158354
ck_fcb2a559474c3493,0.0024099737097210403
ck_0a4d7acd2a53cbbd,0.001759954769529121
ck_c5d62b2b7a6f3bac,0.9466792335100743
ck_cf59f4fc0ea690b2,0.001136647155042498
ck_837be8126bb19250,0.0005093234046150139
ck_58955542edee1adc,0.001159503203746395
ck_1b93381d8eea58d1,0.0016252099239164011
ck_97b8e05d62abdc14,0.008736109907293076
ck_71a0d645744302a3,0.0012943594062206462
ck_a7b57882ab66b111,0.0007190376012013088
ck_65f76421be648549,0.002444278525116114
ck_b53ea8713d32ca7c,0.004973892851988294
ck_991c4c924a1d85ff,0.5134579593654178
ck_8432ccec1a4ec7fd,0.9948991142599788
ck_64c1633297f43788,0.0012030693447513913
ck_4291fd9c1161d8e1,0.009688723087396026
ck_5e98ed6391d9f429,0.010664058975439563
ck_c7baebe4549fdbb4,0.007968396297222345
ck_6e67225ba59fa5ae,0.038133128655049246
ck_719602def4d35fe0,0.0033059771424722656
ck_bdee7c86f5ebe81f,0.02479659403087266
ck_8de38f8c7f91961f,0.007919743455410013
ck_b0b5bf9254700402,0.00384841097036867
ck_7b55d9bb1a250d4f,0.03569096695127701
ck_3954b7b0fd1d6614,0.0004010778601459767
ck_f29471fe7c818d6a,0.0012724109143983592
ck_9e65a8a2f587691a,0.0018992108389515548
ck_eaec5f1a83b66eb0,0.1958080147557022
ck_004fe0daecbe2c1a,0.0029585514837992097
ck_d17653a4a2d4a79e,0.008187823907707297
ck_0dd417fcbf19e424,0.0031521183697353653
ck_4c99a6eadea143e2,0.09911734644321718
ck_74d602c907ee9119,0.0005229057578526364
ck_1aa87cb62acc0ac6,0.02296944532695418
ck_094974d75e29fb2f,0.09175131656407617
ck_5ef935ac3d4d3332,0.0021910682776441295
ck_b26e4ae47c9107ed,0.1544009155268396
ck_396cea6f95186ad2,0.009550568320850003
ck_48446a9e8184c7d4,0.0014342360680463908
ck_31e1ede23247d56b,0.006856704991088601
ck_7afefa349b960a3e,0.007527424703041006
ck_f5e02a3432571b20,0.005756912870452664
ck_64eefec062592c43,0.0009033340517873563
ck_a1201284122c141f,0.006700605073526474
ck_1b34c420a4c85a95,0.0011337944772511857
ck_d637a011332ba67a,0.0012023772820504857
ck_99c0004d8b7079f8,0.0016699439369825132
ck_948517bad569b40f,0.009499123319050647
ck_a28d6b1601b472a6,0.016968209162542873
ck_a0b4209feb31f5c0,0.9979310926463569
ck_d6d2c1f6dfc455b6,0.2668494096664921
ck_3f9e6d356d3dd3cf,0.000538022192238662
ck_d08e00c842b75176,0.002697627616925819
ck_bfdd232a7c5f2660,0.0409084465892359
ck_2cdad03ed069438c,0.007319562937374952
ck_42317c3eabd0a285,0.1706980103664713
ck_3eb73e56751c704d,0.003640860671640623
ck_ef33c04f4c9e3758,0.018744680324855673
ck_1dc23dc870f1773d,0.004295651355166545
ck_76091f357974a152,0.002695469381160312
ck_4d9eb75e8eee90fd,0.013813079122869318
ck_578f67e69e5d2cfd,0.0019254309327813414
ck_3a8ce1cc724229b8,0.0002721654578648682
ck_a96887f841e80fc1,0.005545866515803819
ck_d2d4a8f4a9f2c33f,0.0011887395683469826
ck_11f85bc705dbe036,0.010278533226327428
ck_7429b3f87528e335,0.0014872912447394906
ck_26df74feac7ec51d,0.011892482660826889
ck_c78b2638fadd91ab,0.004676860085014201
ck_7eaad325abe3b50c,0.0021246768769874504
ck_fd44e34af620e606,0.008271466361570997
ck_f99738dff854e25f,0.0006040942873650361
ck_1ffbce3a239bb264,0.0018467822128400229
ck_96c7d52ba0a766ef,0.009313250227210638
ck_cb1c00c300af3f9e,0.0014050764356343397
ck_ec3d12848ced99f2,0.001824645302207066
ck_26cfd7c3c6c7bf69,0.004748359770614313
ck_7ae86b5a885affc3,0.026538697335655476
ck_3edaa94d28cd48ea,0.01574789072758555
ck_3209c530c9812e39,0.0022960115775925243
ck_ea62ebfc1f04b49a,0.005084984888690002
ck_5fc90b4668ea81bf,0.003158212128931743
ck_95654593cdebd141,0.00045909609966511463
ck_958c0bd61820147f,0.00958229034451058
ck_8440ef1386c07194,0.000870182930283691
ck_8cd1b68dd74b1375,0.2142663133114964
ck_c9eb4df91ff07f2c,0.023176512230863665
ck_c29489366c01fe65,0.9614738181371766
ck_c965fd6bec0f0ecd,0.003448338648709092
ck_84c402b23766e1f2,0.0013219938392175768
ck_181f3dae03b87136,0.015821745081309194
ck_022a8ae79eb28cf6,0.9733764023342569
ck_469c17407d17b706,0.006009223153601294
ck_1fcc5843f39148a9,0.0005637545819243521
ck_5debd55f361b2ddf,0.0018202004517250178
ck_28cb9b03e89263f1,0.001186597312014789
ck_f067470743d3c7a2,0.02575956019026507
ck_d5d225ce41a1a762,0.0018276290953893703
ck_15b4840922195ffd,0.0035464702500637786
ck_6bcfa37c717f19f1,0.012824493492554368
ck_8d501a0386c66be8,0.15121551581959622
ck_1a9d6190c57ea7e2,0.19434136799135301
ck_c49832eabdac5bb7,0.0009706547355596017
ck_b4331140b2e0d4aa,0.0016002277964422293
ck_5efbea1befdefe1b,0.09167233550319527
ck_72ff52c4824072ce,0.008255206987261222
ck_ec3715add8bbb6e9,0.00027093669620299857
ck_9822f8ed05335741,0.0012737359950905729
ck_c3d7d3d12a1981a3,0.0034973733674638387
ck_a115a7919ac5875a,0.005083816051039368
ck_4dd4ed23e0b927b7,0.12847838426758154
ck_4c76efcc1ee6762d,0.004851458387322173
ck_3ad6e7bf452c9b21,0.012665578396852218
ck_dcbab304b55a42c7,0.0024162059844994297
ck_24b53090faf722cf,0.0012872244595258278
ck_187317383400491d,0.003098603632501657
ck_e07fd57565c94c28,0.007650204236793066
ck_740e760fdcd27835,0.002008303577009137
ck_d3796aebda1cfed5,0.842815289086529
ck_e541967c681cb929,0.02457241247042893
ck_431118050b834dcb,0.0004764204584896305
ck_90f3655f0c8a0074,0.0005455670262815198
ck_13cd943777651aac,0.007712947529949256
ck_66accecabf3901c0,0.006098553455254015
ck_937f0da2306b2eb9,0.0009201442395362206
ck_105b0c93573fd5b7,0.1869925936572787
ck_00480407160e0743,0.0011267455006432436
ck_e032068be7b77d15,0.05088877774869202
ck_991b7dfd69098320,0.000959700743792916
ck_37d47cf0f34574a2,0.000554274033433607
ck_011551a596544f5d,0.0006207036753796415
ck_9acd98f4fe2d474e,0.3012376512002939
ck_7c88d3d377bb61bb,0.011757340105278014
ck_e2374c7136c964fd,0.013747424839826225
ck_2fa8f2577116e9ca,0.04225263630318372
ck_d07c5b0321c685ea,0.04934755517542143
ck_bc736114a31088a7,0.00838732794925214
ck_32bb42f9bff197f8,0.002657727045582555
ck_66267bbad1f1415f,0.9842690773724175
ck_19988702ccd79201,0.0018361717651969771
ck_f473a03fbcdbc4b0,0.0008480953979619697
ck_e3f1d85fa5d49396,0.007272854043732412
ck_c4402ea6291df271,0.006133802867754837
ck_243bd5ca8c4ae5d0,0.0005730461277961786
ck_f271e855925e8d6b,0.05909992628643894
ck_e424148c6f2223df,0.0008872784033655123
ck_e4d0a9e1102a58b5,0.003443206468236141
ck_91c2a5fe69b9b1d1,0.005072467633842256
ck_5fd8924732fe403e,0.14932353175263818
ck_9a881d5433126ada,0.007243652147043819
ck_73cab88b29c7845d,0.018857585251923697
ck_5b5dea6476d4e182,0.008634299139568589
ck_ccccb17d2ca6ce94,0.01888290465376042
ck_cd1dc68e441222b1,0.9563143991739624
ck_8312c49b1431a406,0.010204110405515962
ck_25fea39897f2a559,0.005597524155723306
ck_f56200205280bddf,0.011063394471478426
ck_7336611650dcc088,0.00043598664774949843
ck_590716322ff147ae,0.004162407718339982
ck_c82364d87875a1a1,0.0032010523213339298
ck_fa4b60387d744fc5,0.0006023691663706526
ck_d841eba8906e9a15,0.002483631889751182
ck_d6df562a79b9d0d9,0.0013540903250938597
ck_59a14d2564193101,0.0007936358073197914
ck_8530158e3d7f59e7,0.002430676061670225
ck_ac68d707006c12a8,0.007568407803033919
ck_976fac1bb3dd8c58,0.02809621974853373
ck_f854fba8f4adae3d,0.11095370264680648
ck_b98e9c3ec6e7d1e7,0.002225138019721616
ck_803c0b4cf9d4bc1d,0.0019104764245246838
ck_76997a33c3ea5107,0.0005035224682321028
ck_f1a9d832b700bda1,0.9876522563608532
ck_2bd96ddb8c323d63,0.9913387185267167
ck_9e5b7acf51b1b743,0.01683887985007954
ck_09169f22194fd6aa,0.002916354877203413
ck_6d69e092f9b0848b,0.003012819860541365
ck_9f83fa5a2d3b9049,0.0026738441513948783
ck_57bbb19eecb4b87c,0.0023426166784713547
ck_e0e9cfabb979f428,0.0005127027299235815
ck_b1ff9edc51d42f97,0.0013877259762636498
ck_4682fad271d47eb0,0.9720754901933886
ck_ab33fb754c818ae3,0.01576626395726253
ck_b456f62b80e21557,0.0012234168575469546
ck_16340be3f2a7fffd,0.00037984742122712273
ck_ce66831f6611014c,0.0009495203965429661
ck_4610a073bb54d1b1,0.0008918408711039701
ck_fd038a7d33a9d6e5,0.0012552038966783048
ck_c8198cb4c461304f,0.02996866351836555
ck_1e7de58822000dea,0.0010122252036771139
ck_b2a79dd3df560f14,0.011767129378625119
ck_74a06f347b32347f,0.007285596167600933
ck_c6fdb2972417c9bd,0.0019083482945377438
ck_d7607a213b800bfb,0.01816267401950889
ck_df65967b8b40319c,0.0009540231224212186
ck_329a73dbd585ee09,0.0007960676943989062
ck_74991a9e85c3b07d,0.003363456042515723
ck_bb76609b79e0bc9f,0.004992700498883354
ck_f7fc1bd0b9ab1fa4,0.0044417643942242695
ck_d111c98b36bdb791,0.0010481040303382055
ck_f07e27d125497b66,0.00132298143931886
ck_093e3a7134e11d6b,0.007785918227313368
ck_862c7953bdea48b0,0.0015794259240777483
ck_392cf2cdd515c34d,0.001173398972587306
ck_80eb91b0b4001084,0.01290268898791907
ck_5923f53b77193a58,0.052944802632607854
ck_8049f5fce32be185,0.7091152722422331
ck_ebc5a2c6cf88e252,0.08049534426879766
ck_9ea5872f14cce338,0.001892789318549295
ck_f7fbc95ebf584379,0.00422523635199156
ck_bafe82c870356706,0.9898779042742516
ck_278b36c5932d9bff,0.0005442679362664462
ck_6a892dd5d05c1649,0.002603999359504338
ck_0734fd90b2cabd43,0.00307401020264644
ck_9b552204498b6762,0.0036781325177477255
ck_f6c909c205767956,0.005988737571824511
ck_32f590e87bc3d715,0.000333283805297705
ck_66a8325f28be7562,0.0012984111344068847
ck_b129261da9c3c3c9,0.0006284961563009939
ck_a524071c51ddde20,0.003057955239610697
ck_ba576d6d4cb6130b,0.04640029379681031
ck_8d8226520722af78,0.004825607390650138
ck_c5b0f0d4f1655a20,0.009380701908134642
ck_61814ae9b6d8eab1,0.0008762026974929169
ck_382ebf136f7fa337,0.04314140074057366
ck_423ff4ede6a9f066,0.005427582373787628
ck_546ad962d04b7de4,0.9750936394814002
ck_9473ea4a01c95f9a,0.03236067066695224
ck_9eb1da8cd35a50ce,0.004458021581561786
ck_de5eaa2cdbcb67ff,0.04311730752144233
ck_537cc97d0398c922,0.042038111570722535
ck_998475a2e4dfad4e,0.0022014769363814797
ck_e62eb708d2688fae,0.005378337478059995
ck_ea623358f704daa7,0.06571379754811002
ck_b911a09f328dfd4b,0.0005315528013337064
ck_4b3506b624e5193c,0.015204633878869441
ck_448456f96788713b,0.0051352257738482105
ck_5d5ef9e75f65d076,0.0058664801761000845
ck_3b74512f774a6e5a,0.001282559553890909
ck_a032e8ac1507c6df,0.47958771645404785
ck_7e2d6b22a0ae20c2,0.016914201260236614
ck_d80283209c963f11,0.0014885319914061737
ck_d1157eade2ac3975,0.012893436293460157
ck_be48f583f79427f7,0.006151698952166523
ck_0027b5d4107d65d8,0.074510858926057
ck_94fff69584dd3b2a,0.004076775977536008
ck_75fcda73f0b43557,0.009289901089923149
ck_a1c78972e4ee4082,0.02048110069785349
ck_f0982bbdbd122f91,0.0014623853310494575
ck_3199b471575aeb3a,0.0008119747025476403
ck_7fa947a0b1c1cf74,0.01195857894532831
ck_a60c618b7f0e4252,0.00039159201399533545
ck_722ac47c8ac9b6c3,0.12557723156543035
ck_d44dc3839a195c8a,0.07667476825911095
ck_a2c3e82fab520483,0.00788335677935199
ck_6f8ae0319c07cafe,0.0006768053907743222
ck_49886ff1e2c759d6,0.0027018417259718134
ck_150a1108f936e6b0,0.0004311955484568277
ck_e21f9f96f597695b,0.0014458157978189344
ck_7297bff2b7fdcbc8,0.00023976096433800539
ck_ee949c71f4f702eb,0.9680389898682963
ck_6fc37dea4b4f35c6,0.026416978252886043
ck_e76257caa98dc25d,0.9737432848697722
ck_828eef2334e17b3a,0.003684418266948137
ck_604e1b8a8c693aa7,0.0014612521572906667
ck_7743c9fe037d1f9e,0.002853870184877954
ck_864a11202e19e812,0.2143986105992313
ck_4ec040b9e3785e4a,0.0010704191254280123
ck_7346e4f820d9c00a,0.8723053594649743
ck_48d4d63beb26b623,0.0011453508907889915
ck_c423aa6de3ed1e01,0.001785490473822538
ck_d74b2ead8aaa3f73,0.004710503522932836
ck_1dd69a11daa7bf1a,0.010028078860897757
ck_d9143e236eef177f,0.0016510771660900225
ck_f790d91e5ff0eccd,0.07592284143912445
ck_69b5620e00ef5dec,0.0007562625502404429
ck_cd32e58e8a1c0e85,0.002397738505583443
ck_064013b0957d87a5,0.9975718935096942
ck_a481385c2e60dc4a,0.002301431953554604
ck_d72035cb29db3aa4,0.004861203701372834
ck_3759939a0205306d,0.0030579236971661115
ck_f437a53fc832ec95,0.44172374813175364
ck_260ef2f3e6434819,0.024237466281163543
ck_35e411b05d22f663,0.002659020207058932
ck_8bf46e472f3e20de,0.09589349773464513
ck_d546994fc5d3e9d1,0.005494304681934574
ck_6ff0fc7487e737e7,0.04235383863868788
ck_5c67f27816ae0b6f,0.0021655405468000155
ck_c5517923458106ae,0.0008419164283922206
ck_d9735647a6b0b0a7,0.8264672308860987
ck_541a734fc457246f,0.007866949739375724
ck_2f6a639468f41043,0.002399017543542987
ck_bea2cf7a6b7bb900,0.0011703783745232125
ck_7eebd0e6ad6c070e,0.0017983035633493808
ck_b64c87d5e3b10e6a,0.943057423366174
ck_9dd7daacb7833233,0.00153085971847188
ck_396e9ea9a6c6d7d9,0.0019722682504568034
ck_1645e6cc53fa99ff,0.007906821379752614
ck_ea2a83ccb8d57490,0.0013707930655689007
ck_e64f0df63e1be595,0.007681782780987729
ck_fa0b234481cb57d3,0.013268498035290857
ck_63379e3c9fe6f711,0.0070200408542114845
ck_c67f7944896a0310,0.028517936101270385
ck_c10e54c9db29e6ef,0.9973917382298991
ck_7184ad7709ae4c80,0.012006356343454164
ck_f8b6069d7577fde6,0.0010316776035366848
ck_18444be153bac1ca,0.7751128045640885
ck_d0982b4e0e118e4d,0.0063947705714286615
ck_6faf3e6820398866,0.0075216782889799575
ck_97e980463aca4644,0.000689848144627193
ck_630c835243c66b19,0.9686348048890489
ck_fe429ba3e1aa0e4f,0.007005766979682272
ck_1058129ed7b48c59,0.003137185599768551
ck_04a1a46f07885296,0.0016424388951248054
ck_f01e94331067edf6,0.0018774875313086672
ck_77b2fb17c29f5e72,0.003951339178765743
ck_4f0c5857da45fb28,0.041687696013003483
ck_2cfb9a7775e8a5bc,0.9707778218345352
ck_6846100e43659bf3,0.001122203062212449
ck_f89719a854fe11d7,0.012357509476335198
ck_bf47375e41ca3bc0,0.0004473368555783565
ck_2770b0400a7bef08,0.009274340120684163
ck_2a09d142de1c77ff,0.0053906429403365
ck_857a1f5547b9ad68,0.003842503899768316
ck_185f15b1523bbcf4,0.0012464327241810476
ck_ab2aed614ec1cdf8,0.0021569642243947666
ck_a9e7f3b2d5dfd97b,0.0016689552922405388
ck_0eeb3d9b3e697edb,0.0023712222526676213
ck_fa5830d81bc8ddc1,0.0005210786977906442
ck_231ae0329ebc3220,0.0018396376300284399
ck_1587763dd54688c9,0.0018738018261080299
ck_9f85fea4490c00cf,0.0014560536615001538
ck_a2d709e7eb91e4af,0.01180372907884149
ck_43637d28c7216453,0.0010946641365330552
ck_f3ab5dd853d38252,0.008096890725835994
ck_4a1f0172d3bf4fd3,0.0015893681541547938
ck_517620ca16505af0,0.002045511051166281
ck_9ae904fbef56065c,0.000308811162784427
ck_d5ef1f6e34bb35b8,0.006486746245804074
ck_ff42557857ae3aeb,0.0007367623837141494
ck_ad9a18f58589faa7,0.0014256063319366993
ck_df1a6edaa3e6b271,0.0006734553093719164
ck_99021fe7225b5a68,0.014454512752260038
ck_99e52c3c2530b69e,0.9963758151194068
ck_3a4811dc4a1a891d,0.000980024490288428
ck_ba3a6be026c87079,0.001641717825295794
ck_da6d1e5cf6aba6fd,0.0026382256233332814
ck_ddc7c1f3d45fe6e6,0.0036366360123313932
ck_e1b1e7a7e4a15b3e,0.0013547798578299364
ck_8288f7f226e08b89,0.0009967496998699234
ck_c4524993ec31dbe5,0.0013772423977183516
ck_8b19bb5b23b6741c,0.0031029883234804895
ck_d21b38231a8a9f4a,0.029992907239408735
ck_3f730318a9792292,0.012100976880890265
ck_a4db6e94a8f77f9d,0.02291632988884532
ck_a8cac8d480306839,0.0008790474575865592
ck_5472214011fbc2a7,0.0007179387195639949
ck_7356f47dbbbe7904,0.0020353069360023214
ck_16801e628e883d78,0.002195947511793035
ck_0dc1e536231c4860,0.007948932126758039
ck_7cd0634a6e60af83,0.003034209196940109
ck_ef6f8e048ae1bd4b,0.001806204019609713
ck_82f3f744209888ac,0.003204321690689315
ck_f33188c232a03526,0.057319997434488415
ck_4a59f4e10bf45d7f,0.001009232355390115
ck_d96c893721385e4e,0.0004393200488037062
ck_f65ab819373edb37,0.008614915860469577
ck_21cac21fc10b7768,0.0006237044764140132
ck_139b54e6ccbdd7da,0.017284847083214865
ck_d6f5c8741697abb3,0.005822042672645138
ck_a28d9bb5590d458f,0.013373295807318835
ck_ed26d906883bea0a,0.002009982688148302
ck_227602ad072b838b,0.00028200540257713574
ck_39d5f6c17c745ab1,0.0003392292359111637
ck_744eade757ba69b5,0.009885151086544154
ck_c1295d97cdf35ec2,0.0036261967139735126
ck_69105f881da3c821,0.014094685467557258
ck_933789b55361d7c1,0.9199138990244462
ck_b667952253503174,0.002798951954789814
ck_7bf668e25abeeb05,0.0010310070035547134
ck_91742711dfdffd56,0.004524569317575544
ck_af32a0660090dd68,0.017944458841147235
ck_2122f201e65f76ee,0.002755137389637578
ck_f48acb73a5d6af07,0.03317905619643791
ck_337c5684510cf432,0.025611229874784258
ck_f7bde7265053364d,0.0018010808869498036
ck_c190c7b924edba75,0.011723556217517493
ck_044fa3b3a003f0b5,0.010823618535114078
ck_87eb43e3b9d96169,0.05221765406385025
ck_2d3d6c9364362017,0.00045025969521296456
ck_ac55dc6cbcdf8228,0.0011354102480465526
ck_61d7b0568ec5d6cf,0.004855902236996811
ck_89c74feeaffa7d09,0.0010806514351083224
ck_93776b0c113f41f0,0.017983244930710025
ck_15e0b679931f7a8d,0.002686509406684973
ck_77b56c49cfdb1d81,0.0832396989496508
ck_73188a826b5f499f,0.0013564261789707932
ck_4f463ef25325ddfa,0.7009822233567418
ck_863db2e394dc47d1,0.9755555505819639
ck_d52432ed597f3cc9,0.004350704649974162
ck_04fb61e5739642f8,0.10054910879964436
ck_2e481d75d110c06d,0.06629702801692175
ck_3fa1a523d77cd619,0.0023348330799115562
ck_466dc6274fecd708,0.007276702586179429
ck_e1790b3aa2241b10,0.8628802798965108
ck_84ad096a46e1a960,0.018694315406373424
ck_3be72c9c178fa00d,0.019648169823453583
ck_5a17c89219d1d9fe,0.003045107969653335
ck_4f639f4ee6ce8d9e,0.05176849542533825
ck_f4ec4a935e51b4db,0.001668198101397988
ck_f04040a830f92bac,0.0010982708105201997
ck_3e4d02a04be2aaf8,0.011624454711365138
ck_4d1baef193cfb900,0.01210177753183609
ck_0fb3153d37626b75,0.0005249246862464622
ck_88ec57a11b11f702,0.9820096966185288
ck_dca9dc465f759db4,0.0013619665145973635
ck_64f5fba6af67e024,0.01511570270505668
ck_896096cb167254ef,0.02370649227217772
ck_7878679065876b98,0.003116414559751643
ck_fe8e5a6c880ceb4e,0.0005948964723194628
ck_a5e036327d3d1862,0.00032752595850117573
ck_310f73940fc4cf4f,0.002430615714098429
ck_46a8db16ad00b749,0.006828518273061278
ck_0d33977c3de8cfaf,0.9984012769737658
ck_c6fff412f531db0f,0.0004621001192891571
ck_bac6dadf428eaea9,0.0029888393811013567
ck_1b96d9af0d7da2d5,0.0018911026740990524
ck_fa8a4a9e77799fcc,0.0009458674092608546
ck_0bf48607a874b4d1,0.0016103720125204824
ck_eeb75f8a6439f65e,0.006221017090290856
ck_a209a5f7d172125e,0.003851058760771579
ck_8f346b72fb40bf14,0.0019338242644455564
ck_bccbf9fef367f00f,0.007158732669877891
ck_2d1548f1ee405cc9,0.002762704973211471
ck_e8298ff2dc1e9d50,0.0010909255262748813
ck_77c0fb524edb4a94,0.002296017647603011
ck_28ac4c5134cb8e77,0.01787721832496544
ck_db23a0e3e54be60c,0.7844619745221043
ck_a059d00cee5cee99,0.0014807494416076903
ck_3e9e3bba8bd363af,0.0017507163342072372
ck_0428728df24cdab4,0.0012476570620058329
ck_88cd35378075c84f,0.0006317867786447085
ck_0174d76398d9dc0f,0.008800050744601651
ck_3f1287e6c27de0dc,0.0019585941278396322
ck_ff822700f3605e06,0.9971412917561321
ck_4563227b2038ae07,0.23119694670669783
ck_788e78065526ee19,0.005311619877413804
ck_8a16eb584093b12f,0.001021780836466184
ck_cc276f71ab6c08fd,0.009278638765360456
ck_d61d97b21002f3e9,0.011610754991810229
ck_4b2e87d86a5e415c,0.00802618072677607
ck_3e6f35e4500d2f2a,0.0006923127050212134
ck_3acdb083e0d8ad61,0.0005847948933109268
ck_cd655202db489010,0.0007105726703612693
ck_829cbf5ccda481ae,0.0009531735024090979
ck_f5882e6f98b8b4cd,0.001327751131134519
ck_767947540b234add,0.0059398738738069305
ck_a6e8e8f535b1f1d1,0.06164163309819749
ck_58412a2674fea506,0.002038058355845116
ck_fae7e518a585fa61,0.003185671540872586
ck_9c60ae6958d68dbd,0.4625444198411187
ck_328696b8f5e54ec6,0.09203434732481712
ck_7df3f8f4f1068d62,0.001647410021332033
ck_cfadd21458230ef7,0.003304715082753459
ck_7048bedd554c703b,0.0003510624256572641
ck_50422466f145bfd7,0.002181442040352521
ck_61e1f7168cd9ff25,0.010383449208563796
ck_733aff0f56f5b3c9,0.006858800391977217
ck_e14892e424180549,0.0009784243719097923
ck_03f6664a96de7d0f,0.006088058420110849
ck_b7f4baa2cc82fe61,0.0007780416406807789
ck_1e51199a075ca0fa,0.0004600002770615044
ck_0e70516fa07cfb17,0.9263093971700587
ck_0f37c554a5057801,0.35604147873458863
ck_5576b725de38d106,0.002227913360861169
ck_82f360df1e9f4eb8,0.01073314318854664
ck_395f3bd4aacd7ca6,0.0023102048638168594
ck_5e8e857b63966609,0.2989528540654962
ck_93470896f0804b6b,0.9844247345428508
ck_3be854e42e76569a,0.003016245800191544
ck_0567302c57a2417e,0.06635929989682159
ck_ee535461b5f05539,0.15809620983599543
ck_94a096c36162a153,0.004100414080671771
ck_dfc8f5c141fd7c63,0.005252983537221938
ck_98b34f2d704c1c2a,0.0010799978912037832
ck_96dff7a09d45f116,0.026642736899056697
ck_79557434c129ba52,0.003726465930889471
ck_4596624a7c01d501,0.0020394260817775474
ck_04e89fbd739243fa,0.0007682666002493009
ck_6149ffaf18872dc8,0.0028605524393750864
ck_cd78f0832a09bd8f,0.5774462982565053
ck_7e29c10d781c3b41,0.001858905832971183
ck_1f7ee7b23fc6f2f4,0.0012569485209493509
ck_c49b685d2b3ab89a,0.0034279751082476923
ck_84569a8fc50e73ac,0.0030137493766440567
ck_b92b11d205af91eb,0.0009274327260973387
ck_06280e6d6d2485b0,0.004283600776421037
ck_3c08546dd0c92863,0.001590787202960788
ck_99d3983f907828bf,0.0008669884475623221
ck_eccfd552aa652d3c,0.003946464986395216
ck_0cff8153881875ba,0.0022042070649579684
ck_c1aebbeca6ab5ff9,0.0011216519822328215
ck_538fdbbb3c2bcbbb,0.007542334661648343
ck_8c0210322733c718,0.002132955230353626
ck_0b0c93039f987abc,0.0037362323226572567
ck_6d07d6d1bd227d37,0.022623754846829554
ck_9b6ee35e8cd0b11c,0.0014299531153900032
ck_d838491d3d4f5ecf,0.00111495456242798
ck_0593ae243a9ebee9,0.0026137274603813786
ck_ef261fc09be8eb0b,0.0031437427223805392
ck_d0935b571a4a3868,0.008362583845888621
ck_97d04a67a104af39,0.018837734433580684
ck_e25f70d0b7229420,0.0028410707672524606
ck_9b71274ff83de482,0.9732007508857224
ck_6de2aa2bb60978d3,0.002878812667861239
ck_eda55c8fb47593d7,0.000953899583274207
ck_924e572517515f19,0.30577450810523704
ck_d6f27eacbad310f4,0.0024729297995932935
ck_8550f229b5eb03ab,0.0013065403215719205
ck_e3e95546a84d0ed8,0.0045943102286130615
ck_3135c019696ee6af,0.964885749219839
ck_41ba315d8fccb559,0.0009702013690454389
ck_72b86e4485da2d0f,0.98639277160121
ck_daaa995f3c2f0e47,0.006733200597831814
ck_053746067839696b,0.003888642962308587
ck_a15fe7d0f4b65c33,0.8055419995704666
ck_15de11438732bb05,0.007451150934008051
ck_2c4d25acbe3fabd9,0.01098027013906532
ck_7f08078908599bd2,0.01949855383486292
ck_e794741742fb2619,0.0021210270777863994
ck_238e53b6dee8c301,0.0010112428238767007
ck_53a6a33060d5c8b8,0.0014945457634056314
ck_0e0919292ad33472,0.8247807868029469
ck_d86ccf148c06c8c8,0.013658171329208022
ck_c881f26c9bf9ae42,0.32278422900991843
ck_4b0947bf94e9d847,0.01841383145305108
ck_e10ff5c38bd18470,0.001162506707542736
ck_b60de9e97aad9e45,0.7270527233873063
ck_190bc849e5ff5401,0.008380180651334715
ck_e7be077aa0b2632c,0.0005038572950186815
ck_a51abde881ebeff3,0.002385593606767446
ck_2208392a9f6bd249,0.0024964984782299606
ck_0259da8f109017e9,0.0007108406989350178
ck_05e01ab9c95449da,0.004216742241771618
ck_c82897ebffb6ae66,0.0023856548262648778
ck_b4a6bb4689cd7cfa,0.009112090367125316
ck_9e21ea33018ce538,0.0012862741470457007
ck_caa348f0e65db062,0.963129172582386
ck_a964e6b5d8415334,0.4941519783088471
ck_510bfbbee37ff436,0.012277151386211896
ck_9741a82faf5c7889,0.03682059258971644
ck_e7f61b4a39ba98ac,0.0006801181053096981
ck_069d158665a53909,0.003971027307697957
ck_6426427efe3228af,0.0063800298193291615
ck_ab4a8d02ec3c0fd7,0.0003048010439064989
ck_aefa0d8d933e0eca,0.01193478391926501
ck_232325ef6bce92f1,0.001427492478548675
ck_14e58c3fb26a2b4d,0.0034855653580375392
ck_06e73afdec26aecc,0.03288460239246936
ck_3168f4f2778d64e1,0.00312774615226919
ck_ff3998d6858daa21,0.0007061970272919264
ck_bccff46fb0868454,0.23999018795496346
ck_c7d444d90fa86d7c,0.38283636428231177
ck_f0bc3bdee6bfbb94,0.0023364765736822845
ck_f7112818a6d81422,0.061556152582399264
ck_aca35dbcb835ad02,0.04575221119208063
ck_f637fabf0f60528f,0.0022778338326050105
ck_53d17ab97de1ac3e,0.000638702336524989
ck_c8c1bf16d9113493,0.010912265126130664
ck_e842fb0cf055a83b,0.015381668187297678
ck_93c0cb3dac4891fe,0.0010486666379056857
ck_0c1f088e17e46daf,0.020150635310323524
ck_8f4b384955bf57c9,0.001388138330695978
ck_09cd5c4df1e81ac2,0.040902437163189025
ck_1e832a5b2342554f,0.021634114815228978
ck_2cb763a881aee27f,0.0013750552737310615
ck_5875828b11406398,0.002030247699861169
ck_48e84b0cb0b90fa7,0.010493440084386749
ck_833688de8629c5c0,0.0005106465422662059
ck_117d78ccd5820f36,0.005292541135905026
ck_668ec61c4c39cae3,0.002441177252563497
ck_73a7794b659d7a34,0.0014998159685727906
ck_10f90d879209734f,0.008529169450033767
ck_d1d079913aa158bf,0.0011275876048894007
ck_01c631b38e8a9535,0.0017719461000077809
ck_f6923088c17a04e2,0.0090664834059061
ck_b447badc9138987d,0.00045978992768253425
ck_8b772caed8f1541c,0.0012937900336969402
ck_5403c76fe68a08ba,0.4035739533357844
ck_3e6833574edf1736,0.003206679125095329
ck_e527fbb9450a4581,0.8477098674927698
ck_cc90e219f1ebf390,0.0021886647232437204
